feature,importance,std
vehicle_age,455.938754705285,49.19499061971592
mileage_num,415.1912889822296,45.88097950674158
year_num,346.2787707870972,33.02159539411551
zip_code,289.5568312535844,38.724168093211134
city,187.37185186498763,30.420448597986162
make,97.25101746659001,17.3587042730507
state,71.8734343799587,14.084731729658586
color,57.9247553691891,9.701796148484854
model,55.07319406883698,9.105618760123617
transmission,8.730248611414481,10.785796304169729
