feature,importance,std
vehicle_age,579.1879481972545,92.41019312727722
year_num,575.6820546535869,82.56326666460923
state,501.0093701828615,65.52043091232531
mileage_num,464.40462569351075,100.63998446004466
zip_code,292.80423502528345,43.86697927942778
city,216.8010267647459,35.7898270791235
make,194.34036822152902,26.804968447585757
model,66.77211439971734,14.618721839104023
color,53.191708539012055,12.207842723124791
transmission,49.18838383664679,34.076167330782205
