feature,importance,std
mileage_num,494.5441517226148,32.21743310269922
vehicle_age,402.64362651809114,43.12400111265979
year_num,357.19157942670336,32.09945322396099
zip_code,316.5380081439733,62.31906734659468
city,194.2869662765629,34.918083972049416
make,89.3466947950421,28.41971753165334
state,69.1215202644612,12.719870947254638
color,59.08768274721715,16.960176450129165
model,31.494117199874744,10.415910423239513
transmission,15.619477111004652,4.684470145038489
