feature,importance,std
vehicle_age,579.1879481972547,92.4101931272775
year_num,575.6820546535869,82.56326666460923
state,501.0093701828616,65.52043091232542
mileage_num,464.40462569351087,100.63998446004456
zip_code,292.80423502528356,43.86697927942786
city,216.80102676474544,35.789827079123434
make,194.34036822152893,26.804968447585576
model,66.77211439971734,14.618721839104023
color,53.19170853901214,12.207842723124696
transmission,49.18838383664697,34.07616733078242
