feature,importance,std
year_num,263.8322555872731,45.567690478262016
mileage_num,229.77287403297106,28.821259192929983
vehicle_age,210.92870327767076,39.82034155443252
zip_code,147.33230879805552,12.734025524901567
city,113.30935405756563,12.485494632547377
make,45.842749945575086,13.782606686824666
state,34.84088698293372,7.440123197793455
color,25.3712682117859,7.932001493975179
model,19.255127909122347,6.114502920246579
transmission,0.02685392177008907,7.37922011804279
