feature,importance,std
mileage_num,602.9598953045127,93.08731500918863
year_num,493.8238857076195,77.46488331854114
state,476.810408002142,51.62831686713357
vehicle_age,363.7967684128781,66.13356948469047
zip_code,233.83094457064243,30.298095972038116
city,199.08561569000986,20.030416396028663
make,147.00512217794858,35.051335582043514
color,73.46704257550519,13.506975497187769
model,60.176181783676654,17.5447194961512
transmission,16.228496609978265,36.22864383213302
