feature,importance,std
vehicle_age,579.1879481972547,92.4101931272775
year_num,575.6820546535869,82.56326666460923
state,501.0093701828614,65.52043091232544
mileage_num,464.40462569351104,100.63998446004472
zip_code,292.8042350252834,43.86697927942796
city,216.80102676474561,35.7898270791236
make,194.34036822152893,26.80496844758572
model,66.77211439971707,14.618721839104078
color,53.19170853901196,12.20784272312482
transmission,49.18838383664688,34.07616733078214
