feature,importance,std
vehicle_age,579.1879481972545,92.41019312727722
year_num,575.6820546535871,82.56326666460924
state,501.0093701828613,65.52043091232558
mileage_num,464.4046256935106,100.63998446004439
zip_code,292.80423502528356,43.86697927942786
city,216.80102676474598,35.789827079123526
make,194.34036822152893,26.80496844758572
model,66.77211439971707,14.61872183910408
color,53.19170853901178,12.207842723124875
transmission,49.1883838366467,34.076167330782155
