feature,importance,std
vehicle_age,579.1879481972547,92.4101931272775
year_num,575.6820546535869,82.56326666460923
state,501.0093701828613,65.52043091232558
mileage_num,464.40462569351047,100.6399844600441
zip_code,292.80423502528356,43.86697927942808
city,216.80102676474553,35.78982707912338
make,194.34036822152893,26.80496844758572
model,66.77211439971715,14.618721839103953
color,53.191708539012055,12.207842723125218
transmission,49.18838383664697,34.07616733078217
