feature,importance,std
mileage_num,507.5866057520743,53.72010143305946
year_num,470.870336514921,45.22536826880499
vehicle_age,388.73491521863264,42.288875597620745
zip_code,261.5039561022333,56.26608851321301
city,248.04079318175545,37.74300906373798
make,116.7662982386767,42.04274501750606
state,83.28816505780105,17.45375812079182
model,57.15821705009694,17.19996728358367
color,48.07907519768651,24.675152581720813
transmission,6.7647047451051545,7.9591557932147605
