feature,importance,std
vehicle_age,579.1879481972547,92.4101931272775
year_num,575.6820546535866,82.56326666460927
state,501.00937018286174,65.52043091232542
mileage_num,464.40462569351047,100.63998446004433
zip_code,292.8042350252837,43.86697927942785
city,216.80102676474561,35.78982707912349
make,194.34036822152893,26.80496844758572
model,66.77211439971725,14.618721839103895
color,53.19170853901187,12.207842723124896
transmission,49.18838383664688,34.07616733078218
