feature,importance,std
vehicle_age,579.1879481972549,92.41019312727738
year_num,575.6820546535869,82.56326666460923
state,501.0093701828614,65.52043091232544
mileage_num,464.4046256935109,100.63998446004453
zip_code,292.80423502528356,43.86697927942803
city,216.80102676474553,35.78982707912311
make,194.34036822152902,26.804968447585733
model,66.77211439971715,14.618721839103944
color,53.19170853901214,12.20784272312496
transmission,49.18838383664706,34.076167330782575
