feature,importance,std
mileage_num,515.7790160452872,65.83374068348512
vehicle_age,485.20883600739035,66.71738099923314
year_num,427.3468046356505,61.89176750802521
zip_code,215.01626043936758,35.127445026285514
city,129.03824566728116,37.86451548477342
make,110.96377447577152,16.98726729120263
state,102.99766064519,17.711117103845602
color,40.76737949892659,7.97463244804367
model,37.32659589090063,14.364847374241895
transmission,20.354051801059995,11.335912038561096
