feature,importance,std
mileage_num,602.9598953045136,93.08731500918873
year_num,493.8238857076205,77.46488331854096
state,476.8104080021429,51.6283168671337
vehicle_age,363.79676841287926,66.13356948469018
zip_code,233.83094457064345,30.29809597203803
city,199.08561569001077,20.030416396028663
make,147.0051221779494,35.05133558204366
color,73.4670425755061,13.506975497187769
model,60.17618178367729,17.544719496151345
transmission,16.228496609979356,36.228643832132946
