feature,importance,std
mileage_num,659.952833000779,122.28540717034274
year_num,536.4049850553344,58.16430107746128
vehicle_age,486.6894025267334,50.64849386960153
zip_code,241.7492426212081,46.0187165618239
city,159.3622081206162,43.684596167669596
make,96.8814403238097,23.59712320027461
state,79.95214275773533,22.66688253177363
transmission,53.39240818218568,22.88586069091503
color,47.36408414954012,14.522166686147424
model,43.366852186881076,13.707824544454443
