feature,importance,std
mileage_num,369.48956336119335,95.42590864842904
make,101.20314546534046,20.967894693385993
model,43.7147605341861,13.342045742584288
year_num,42.13496919965983,86.70445522301945
vehicle_age,38.305026725616514,77.75620077536395
state,5.456968210637569e-13,8.335656630071463e-13
zip_code,3.637978807091713e-13,7.275957614183427e-13
city,1.8189894035458566e-13,5.45696821063757e-13
color,0.0,0.0
transmission,-13.009545623676058,20.15845475016033
