feature,importance,std
zip_code,257.2492848189457,39.959860171728685
vehicle_age,218.17155428265897,26.3612177508861
mileage_num,197.91327215231303,27.873665679980466
year_num,190.7248674441169,19.37733202940033
city,144.5291779651546,22.690306175153214
make,69.48221224837816,11.66807225241718
color,45.57506249403677,10.41983584508589
state,34.016420326429035,13.26453334392689
model,15.82523226446292,5.093675017358458
transmission,3.0968016587258718,6.356614142688395
