feature,importance,std
vehicle_age,579.1879481972549,92.4101931272773
year_num,575.6820546535866,82.56326666460939
state,501.0093701828614,65.52043091232544
mileage_num,464.40462569351075,100.63998446004466
zip_code,292.8042350252837,43.86697927942785
city,216.8010267647458,35.78982707912363
make,194.34036822152902,26.80496844758572
model,66.77211439971734,14.618721839104023
color,53.19170853901187,12.207842723124964
transmission,49.18838383664688,34.07616733078231
