feature,importance,std
year_num,346.4187979805627,40.8288843453944
mileage_num,321.31531733047103,47.730639457837086
vehicle_age,271.8055328247786,31.98436076731182
zip_code,201.9386371050995,41.73527310101121
city,146.5062846362357,25.63688766906184
make,79.45416258167225,18.349282752295114
state,70.67642305570817,24.491206972210325
color,49.11816753700241,8.045769338734658
model,35.96074973538216,9.430334112440947
transmission,-0.8541960874650613,4.717865740330004
