feature,importance,std
mileage_num,524.7985056141441,52.8429057429419
vehicle_age,431.6716094028217,45.50464454559486
year_num,399.1850581428175,46.52686781739471
zip_code,204.98947013857386,52.45767688127888
state,160.43752818288758,68.28237351580441
city,137.3276381045216,27.886477226908827
make,130.56732237296075,33.08553276531058
transmission,71.42051019080017,13.317917975482377
color,62.67142738090506,12.740336136148148
model,51.4685318001837,16.07305980673679
