feature,importance,std
vehicle_age,579.1879481972547,92.4101931272775
year_num,575.6820546535869,82.56326666460923
state,501.0093701828614,65.52043091232544
mileage_num,464.40462569351075,100.63998446004466
zip_code,292.80423502528373,43.86697927942805
city,216.80102676474561,35.789827079123484
make,194.34036822152893,26.804968447585576
model,66.77211439971734,14.618721839103832
color,53.19170853901187,12.207842723124944
transmission,49.18838383664688,34.07616733078214
