feature,importance,std
vehicle_age,239.14456071261247,46.71738181577278
year_num,232.8264239122089,49.468322413013446
mileage_num,225.39409915310617,47.77581067651711
zip_code,197.17553119549348,39.159021728782726
city,130.86219712220844,30.61802762469376
make,67.40208733494201,17.738963862657208
state,50.961460219944,19.39532575730355
color,40.932221059192855,7.544032542430918
model,14.768918419178863,4.411419982898574
transmission,3.3772031362859707,5.931431237074813
