feature,importance,std
vehicle_age,579.1879481972547,92.4101931272775
year_num,575.6820546535871,82.56326666460924
state,501.0093701828614,65.52043091232544
mileage_num,464.40462569351075,100.63998446004466
zip_code,292.8042350252834,43.866979279427774
city,216.8010267647458,35.78982707912366
make,194.34036822152893,26.80496844758572
model,66.77211439971715,14.618721839103983
color,53.19170853901178,12.2078427231251
transmission,49.18838383664679,34.07616733078218
