feature,importance,std
vehicle_age,579.1879481972547,92.4101931272775
year_num,575.6820546535869,82.5632666646093
state,501.0093701828614,65.52043091232544
mileage_num,464.40462569351075,100.63998446004466
zip_code,292.8042350252834,43.86697927942796
city,216.80102676474561,35.78982707912345
make,194.34036822152893,26.80496844758572
model,66.77211439971715,14.618721839103944
color,53.19170853901196,12.207842723124752
transmission,49.18838383664697,34.07616733078223
