feature,importance,std
mileage_num,561.3163000776509,113.1059772074268
vehicle_age,459.0724169970755,63.79499720410045
year_num,436.76114648688315,56.011292688993116
zip_code,251.64280395056494,50.574604098330916
city,225.37882680970614,40.038690229999574
make,126.26552372058723,41.69007630661729
state,95.22164329224006,27.508550902258477
model,55.570886963220616,12.013521784019076
color,48.64137986655733,15.993022123328029
transmission,8.048775850977563,7.465456861389057
