feature,importance,std
vehicle_age,579.1879481972547,92.4101931272775
year_num,575.6820546535866,82.56326666460927
state,501.0093701828616,65.52043091232542
mileage_num,464.40462569351075,100.63998446004466
zip_code,292.80423502528356,43.86697927942786
city,216.80102676474544,35.78982707912347
make,194.34036822152893,26.80496844758572
model,66.77211439971715,14.618721839103953
color,53.19170853901196,12.207842723124747
transmission,49.18838383664706,34.07616733078245
