feature,importance,std
mileage_num,670.6274361284364,179.32947256504522
year_num,465.8205756226307,97.69652021130855
vehicle_age,446.53442390957605,100.14960244656349
zip_code,249.05548289856944,73.7191188189302
make,187.93749552920744,60.80712232178517
city,166.50871393160142,58.54714413747892
transmission,110.47322419962128,48.75512642096316
state,109.95522085449848,100.95332938166848
color,69.00938294152493,26.54410874766146
model,31.258272083460543,12.809360040686327
