feature,importance,std
vehicle_age,579.1879481972547,92.4101931272775
year_num,575.6820546535866,82.56326666460927
state,501.0093701828616,65.52043091232542
mileage_num,464.40462569351064,100.63998446004447
zip_code,292.80423502528373,43.866979279428
city,216.8010267647457,35.789827079123675
make,194.34036822152885,26.80496844758556
model,66.77211439971707,14.618721839104078
color,53.19170853901187,12.207842723124843
transmission,49.18838383664688,34.07616733078239
