feature,importance,std
vehicle_age,260.9667521336128,35.69040606432103
zip_code,235.35024555218632,39.757794920359856
mileage_num,211.3804623093255,21.405951996767108
year_num,210.2823084913526,30.436909484521646
city,157.4464500842975,18.425387075040742
make,75.37739754825834,15.756077216849864
state,50.222906111269914,18.411802475256447
color,38.5108848380457,10.446811251434628
model,35.65748223250457,8.6600222757395
transmission,8.501130143730188,9.336802316770111
