feature,importance,std
mileage_num,554.4289156927373,62.83724525295133
year_num,430.7999950026239,51.112324489014334
vehicle_age,422.7980364790125,56.33640477054326
zip_code,224.14337128522675,61.682569696582824
city,174.1976325743054,52.754717798891726
make,119.77150102851093,25.350863332027412
state,100.9958932011239,22.945559454815303
model,47.58005333375877,9.740050566959262
color,41.32966685968959,10.23131850357429
transmission,28.214858049553733,16.34008500425187
