feature,importance,std
vehicle_age,579.1879481972547,92.4101931272775
year_num,575.6820546535871,82.56326666460897
state,501.0093701828614,65.52043091232544
mileage_num,464.4046256935106,100.6399844600445
zip_code,292.80423502528345,43.866979279428165
city,216.8010267647459,35.78982707912367
make,194.34036822152893,26.80496844758572
model,66.77211439971734,14.618721839103832
color,53.19170853901178,12.207842723125065
transmission,49.18838383664688,34.07616733078228
