feature,importance,std
vehicle_age,579.1879481972547,92.4101931272775
year_num,575.6820546535871,82.56326666460924
state,501.0093701828614,65.52043091232544
mileage_num,464.40462569351047,100.63998446004433
zip_code,292.80423502528356,43.86697927942784
city,216.8010267647457,35.78982707912356
make,194.34036822152902,26.804968447585733
model,66.77211439971707,14.618721839104078
color,53.19170853901187,12.207842723125006
transmission,49.18838383664688,34.07616733078222
