feature,importance,std
mileage_num,495.0237705157886,61.41201649410749
year_num,474.3372792593176,22.728243677782412
vehicle_age,417.2783276448232,27.264789478576866
zip_code,244.2728851017968,53.50276449638593
city,205.4207302368387,48.610051792738055
state,153.01669418178435,24.35256228890752
make,141.5814703632089,26.56034525898726
color,52.55287658460675,13.079807194291424
model,45.26115716315426,9.757438586132471
transmission,26.330506992649134,10.42810354526192
