feature,importance,std
vehicle_age,579.1879481972547,92.4101931272775
year_num,575.6820546535869,82.56326666460923
state,501.0093701828614,65.52043091232544
mileage_num,464.40462569351087,100.63998446004456
zip_code,292.80423502528356,43.86697927942803
city,216.80102676474561,35.78982707912344
make,194.34036822152885,26.8049684475856
model,66.77211439971725,14.618721839104085
color,53.191708539012055,12.207842723124998
transmission,49.18838383664697,34.076167330782255
