feature,importance,std
year_num,242.65922494523392,40.614866091705956
vehicle_age,232.42084550429354,37.30021001501621
mileage_num,224.0556459624754,26.514661724161495
zip_code,168.1124852783333,28.229504801228746
city,165.83313949578468,28.70274191384968
make,66.3207281666375,15.535334795783061
color,44.83481008163771,8.222358368780146
state,35.18944708890558,21.689095779029426
model,16.37726504892844,2.778938674579286
transmission,2.1351226261042937,4.391584065733154
