feature,importance,std
mileage_num,602.9598953045111,93.08731500918883
year_num,493.82388570761776,77.46488331854117
state,476.8104080021402,51.62831686713357
vehicle_age,363.79676841287636,66.13356948469037
zip_code,233.83094457064053,30.298095972038126
city,199.0856156900082,20.03041639602877
make,147.00512217794676,35.051335582043514
color,73.46704257550327,13.50697549718781
model,60.176181783674565,17.54471949615123
transmission,16.228496609976265,36.22864383213302
