feature,importance,std
vehicle_age,407.3334296155088,38.46126031318691
mileage_num,396.61928380168183,43.58555716065778
year_num,386.0819357295616,33.862275174099
zip_code,338.64717323448565,39.359193453079136
state,258.57079304388316,59.02867739017715
city,215.71311608020952,23.848221370396836
make,145.25514897169086,30.798667760209916
model,75.25074257671213,13.231038110755597
color,63.93084054297178,12.440221834808332
transmission,43.485530373646085,25.98141385761315
