feature,importance,std
mileage_num,602.959895304511,93.08731500918857
year_num,493.82388570761776,77.46488331854117
state,476.8104080021402,51.62831686713357
vehicle_age,363.7967684128763,66.1335694846905
zip_code,233.83094457064053,30.29809597203813
city,199.08561569000813,20.030416396028745
make,147.00512217794667,35.05133558204366
color,73.46704257550327,13.506975497187643
model,60.17618178367475,17.544719496151433
transmission,16.228496609976354,36.22864383213299
