feature,importance,std
vehicle_age,335.88682597914385,79.48680509355243
year_num,266.78486826916503,79.05152025073484
mileage_num,247.48592637948803,149.7437465426829
zip_code,157.0782442283502,54.79605074781166
transmission,127.03018639442016,37.28766665336343
state,119.04654558339726,86.61020986536047
color,110.86845413539868,14.619602856926665
city,107.87472664874713,27.76569290554395
make,99.73913283468009,45.66563717680545
model,57.62835657446476,23.028808877904908
