feature,importance,std
vehicle_age,579.1879481972547,92.4101931272775
year_num,575.6820546535871,82.56326666460924
state,501.0093701828613,65.52043091232558
mileage_num,464.4046256935106,100.6399844600445
zip_code,292.80423502528345,43.86697927942803
city,216.8010267647458,35.789827079123555
make,194.34036822152893,26.80496844758572
model,66.77211439971697,14.618721839104136
color,53.19170853901196,12.207842723124866
transmission,49.1883838366467,34.076167330782155
