feature,importance,std
vehicle_age,407.3334296155085,38.461260313186834
mileage_num,396.6192838016817,43.585557160657956
year_num,386.0819357295618,33.862275174099054
zip_code,338.64717323448576,39.3591934530794
state,258.57079304388344,59.02867739017726
city,215.71311608020932,23.848221370397045
make,145.25514897169086,30.798667760209916
model,75.25074257671194,13.231038110755378
color,63.93084054297178,12.44022183480833
transmission,43.485530373646455,25.981413857612978
