feature,importance,std
year_num,216.24797138442918,42.284483258592694
mileage_num,204.68443114511282,36.46996332803054
vehicle_age,198.11611120308544,39.304770151774406
zip_code,160.3959402501996,31.78518745519367
city,153.18385084557676,18.11045567462494
make,49.40754093996766,12.246957330725703
color,27.441567703702002,6.164936670637967
state,26.733798827799184,10.925606530462616
model,19.027941538708184,4.493716763962794
transmission,4.940832280591257,8.24900938759662
