feature,importance,std
vehicle_age,579.1879481972545,92.41019312727722
year_num,575.6820546535869,82.56326666460923
state,501.0093701828614,65.52043091232544
mileage_num,464.4046256935106,100.6399844600446
zip_code,292.8042350252837,43.86697927942791
city,216.8010267647457,35.78982707912318
make,194.3403682215291,26.80496844758577
model,66.77211439971715,14.618721839103953
color,53.191708539012055,12.207842723124834
transmission,49.18838383664697,34.07616733078224
