feature,importance,std
vehicle_age,453.0425439587643,176.09309927526817
mileage_num,423.5456577525929,144.35674660474137
year_num,412.75958614909666,168.38027696144505
zip_code,254.75545165436506,92.190877046169
make,250.8155906825701,53.21294443801536
city,184.51449339546144,39.82067692089401
color,65.32427100174282,26.439071476572902
transmission,59.677651316228186,58.58766059665584
model,40.73746350595884,11.758420826674348
state,-23.816722428538107,112.33934650300037
