feature,importance,std
mileage_num,495.0237705157888,61.41201649410738
year_num,474.3372792593174,22.728243677782388
vehicle_age,417.2783276448228,27.264789478576766
zip_code,244.2728851017966,53.50276449638574
city,205.42073023683878,48.61005179273797
state,153.01669418178443,24.352562288907457
make,141.58147036320878,26.560345258987294
color,52.55287658460702,13.079807194291472
model,45.26115716315435,9.757438586132455
transmission,26.330506992649134,10.428103545261807
