feature,importance,std
mileage_num,602.959895304511,93.08731500918857
year_num,493.82388570761793,77.46488331854111
state,476.81040800214015,51.6283168671337
vehicle_age,363.7967684128763,66.1335694846903
zip_code,233.8309445706406,30.29809597203804
city,199.08561569000813,20.0304163960286
make,147.0051221779466,35.0513355820436
color,73.46704257550354,13.506975497187806
model,60.176181783674565,17.544719496151327
transmission,16.22849660997654,36.228643832132946
