feature,importance,std
mileage_num,602.959895304511,93.08731500918857
year_num,493.8238857076179,77.46488331854104
state,476.81040800214015,51.6283168671337
vehicle_age,363.7967684128762,66.13356948469014
zip_code,233.8309445706406,30.298095972038116
city,199.08561569000796,20.03041639602875
make,147.00512217794676,35.051335582043514
color,73.46704257550346,13.506975497187847
model,60.17618178367447,17.54471949615118
transmission,16.22849660997681,36.22864383213287
