feature,importance,std
vehicle_age,579.1879481972549,92.41019312727727
year_num,575.6820546535869,82.5632666646093
state,501.0093701828616,65.52043091232542
mileage_num,464.40462569351087,100.63998446004463
zip_code,292.80423502528345,43.86697927942796
city,216.8010267647458,35.789827079123704
make,194.34036822152902,26.804968447585733
model,66.77211439971715,14.618721839103983
color,53.19170853901187,12.207842723125072
transmission,49.18838383664679,34.0761673307821
