feature,importance,std
mileage_num,329.9805856905012,79.93772792275166
zip_code,263.50924910258743,70.0844608293286
year_num,190.66505406955594,48.716229852278914
vehicle_age,186.3297879848532,46.857848282388794
make,128.2552318990448,48.22806272490529
city,80.86441703270857,58.05492143178782
color,45.44874726561575,12.83200779164796
transmission,26.928438203122823,7.2989380493535805
model,24.104900867926155,18.11903859536929
state,21.14440651809382,76.88763696638067
