feature,importance,std
vehicle_age,579.1879481972547,92.4101931272775
year_num,575.6820546535869,82.56326666460923
state,501.0093701828614,65.52043091232544
mileage_num,464.40462569351075,100.63998446004466
zip_code,292.80423502528356,43.86697927942803
city,216.8010267647458,35.78982707912349
make,194.34036822152893,26.80496844758572
model,66.77211439971715,14.618721839104209
color,53.19170853901196,12.20784272312475
transmission,49.1883838366467,34.076167330782155
