feature,importance,std
vehicle_age,579.1879481972547,92.4101931272775
year_num,575.6820546535865,82.56326666460895
state,501.00937018286186,65.52043091232531
mileage_num,464.4046256935106,100.6399844600445
zip_code,292.80423502528345,43.86697927942803
city,216.80102676474561,35.78982707912352
make,194.34036822152885,26.80496844758556
model,66.77211439971725,14.618721839104085
color,53.19170853901196,12.207842723125035
transmission,49.18838383664697,34.076167330782326
