feature,importance,std
mileage_num,732.6094995810978,115.82315903578457
vehicle_age,588.4835507125038,84.48393562844255
year_num,527.225641332112,74.78056061032079
zip_code,232.93460451267802,71.11692844920633
make,189.07820872297143,44.165128256270926
city,149.39556322129647,43.70440162469286
color,77.83079701099341,9.072161242944045
state,68.00539301556873,67.5948112827687
model,56.03563235321526,23.71757498710227
transmission,54.53835512752139,20.201811860356326
