feature,importance,std
mileage_num,318.49338636090886,60.14828498345043
year_num,305.70413236784515,48.47937207722899
vehicle_age,263.3090726368231,43.764945286346155
zip_code,252.31162419605715,29.13580445726726
city,170.70962420425622,29.723512822894246
make,90.54454866750329,15.133966503512857
state,64.07799460672159,26.961533651138982
model,48.247819163167875,15.442209535365828
color,45.289231027552525,9.420621956720442
transmission,-1.597661704296661,4.804160979398067
