feature,importance,std
vehicle_age,579.1879481972547,92.4101931272775
year_num,575.6820546535869,82.56326666460903
state,501.0093701828614,65.52043091232544
mileage_num,464.40462569351064,100.63998446004447
zip_code,292.8042350252837,43.86697927942808
city,216.8010267647457,35.789827079123604
make,194.34036822152885,26.804968447585797
model,66.77211439971725,14.618721839103891
color,53.19170853901178,12.207842723124925
transmission,49.18838383664679,34.076167330782276
