feature,importance,std
mileage_num,569.6412211512064,97.92831756311094
year_num,463.66440005934294,44.89730004337854
vehicle_age,396.53977089566234,43.9101273129246
zip_code,250.18581223642303,57.136512233672754
city,220.897626179945,49.41948973949331
make,116.55135657397132,15.407165926844861
transmission,96.77416388874425,30.775545443030815
state,64.25949184130714,14.607618223273441
model,58.78874571653923,15.570564915805328
color,55.46050161911207,15.255700750528876
