feature,importance,std
mileage_num,436.0460200006869,64.19019379610125
vehicle_age,287.52154228080565,84.56585479532512
year_num,255.29802552223683,77.50401835087374
zip_code,145.6080674493338,73.27006766601339
city,110.94152849279062,60.957015233329386
state,84.6502615282453,77.58849061205441
make,57.60699320466074,29.1816082411159
color,30.041464688612905,22.853217840947043
model,28.393771027028016,16.054820908161172
transmission,-3.494863482803521,40.33112860816315
