feature,importance,std
vehicle_age,579.1879481972545,92.41019312727722
year_num,575.6820546535871,82.56326666460924
state,501.0093701828614,65.52043091232544
mileage_num,464.40462569351064,100.63998446004466
zip_code,292.80423502528356,43.86697927942786
city,216.8010267647458,35.78982707912356
make,194.34036822152902,26.80496844758572
model,66.77211439971715,14.618721839103953
color,53.19170853901223,12.20784272312497
transmission,49.18838383664697,34.07616733078223
