feature,importance,std
vehicle_age,579.1879481972545,92.41019312727722
year_num,575.6820546535869,82.56326666460923
state,501.0093701828614,65.52043091232544
mileage_num,464.40462569351075,100.63998446004466
zip_code,292.80423502528356,43.86697927942818
city,216.8010267647458,35.789827079123356
make,194.34036822152893,26.80496844758572
model,66.77211439971697,14.618721839104051
color,53.191708539011685,12.207842723124944
transmission,49.18838383664679,34.0761673307821
