feature,importance,std
vehicle_age,535.7827416661262,73.38990220671951
year_num,524.4287716086734,68.23332617388861
mileage_num,340.9148228813954,80.20460028870572
city,282.2802630680555,36.72516948284042
zip_code,276.5960815888555,43.530214325552585
make,156.47582540843442,31.48241578877074
color,66.60285231310954,23.359444966536973
transmission,61.29924625427166,37.13942966717524
model,57.89802689584976,12.245729624786026
state,16.439650604413508,50.33527130904621
