feature,importance,std
mileage_num,840.3493989522746,195.85526305398986
vehicle_age,442.4711878879574,80.5236720331602
year_num,409.855392311982,63.66255279822173
zip_code,361.874259280791,45.50233764585802
city,268.1557478648341,61.34126013326353
state,221.4157154632665,34.01707179377569
make,163.71779516120532,19.48823331290338
model,59.53526600264304,30.2778394010968
color,57.600321025272024,31.52780612765859
transmission,36.80612836273849,35.631273032587636
