feature,importance,std
mileage_num,468.1986717109682,65.1241640869339
year_num,445.6813738153822,29.82891013168971
vehicle_age,432.94565655361157,29.333204556784626
zip_code,234.09902499968476,51.08926986024515
city,154.24806083054528,42.35417298018463
state,102.66353140993878,23.313574397898925
make,88.13028004825719,24.0299063151674
color,48.72246151354693,12.77517326030354
model,40.75513076843818,12.986910701456312
transmission,24.623213557917914,5.946643813291457
