feature,importance,std
vehicle_age,579.1879481972545,92.41019312727722
year_num,575.6820546535869,82.56326666460923
state,501.00937018286174,65.52043091232542
mileage_num,464.4046256935106,100.6399844600446
zip_code,292.80423502528345,43.86697927942803
city,216.80102676474561,35.78982707912346
make,194.34036822152893,26.8049684475856
model,66.77211439971715,14.618721839103944
color,53.19170853901187,12.207842723124894
transmission,49.18838383664679,34.076167330782205
