feature,importance,std
mileage_num,840.3493989522742,195.85526305399
vehicle_age,442.4711878879576,80.52367203316007
year_num,409.8553923119818,63.66255279822165
zip_code,361.87425928079085,45.502337645857835
city,268.1557478648341,61.34126013326338
state,221.4157154632663,34.01707179377578
make,163.71779516120532,19.48823331290338
model,59.53526600264322,30.277839401096852
color,57.600321025272024,31.52780612765859
transmission,36.80612836273849,35.6312730325871
