feature,importance,std
mileage_num,275.34273618913176,27.181884049414396
vehicle_age,234.8105272787214,30.966597809165528
zip_code,230.25913214057817,23.654647619001203
year_num,202.88352766282114,28.449746906309482
city,155.51921186014124,21.599484455157423
make,57.99559328266205,16.95198606197062
color,36.22555639362963,7.296120735548166
state,29.835455935169012,11.906300770329427
model,16.267360894408192,4.552412204164108
transmission,-3.3028969066375793,6.443868562622488
