feature,importance,std
mileage_num,602.9598953045127,93.08731500918846
year_num,493.8238857076197,77.46488331854125
state,476.81040800214197,51.6283168671337
vehicle_age,363.796768412878,66.13356948469016
zip_code,233.83094457064254,30.29809597203803
city,199.08561569000986,20.030416396028684
make,147.00512217794858,35.051335582043514
color,73.46704257550527,13.506975497187847
model,60.176181783676476,17.544719496151266
transmission,16.22849660997799,36.228643832132974
