feature,importance,std
vehicle_age,579.1879481972547,92.4101931272775
year_num,575.6820546535871,82.56326666460897
state,501.0093701828614,65.52043091232544
mileage_num,464.40462569351075,100.63998446004466
zip_code,292.8042350252837,43.86697927942791
city,216.8010267647458,35.78982707912338
make,194.34036822152902,26.804968447585757
model,66.77211439971707,14.618721839104035
color,53.19170853901187,12.207842723125061
transmission,49.18838383664679,34.076167330782276
