feature,importance,std
vehicle_age,579.1879481972547,92.4101931272775
year_num,575.6820546535869,82.56326666460923
state,501.0093701828615,65.52043091232531
mileage_num,464.40462569351064,100.6399844600444
zip_code,292.8042350252837,43.86697927942787
city,216.8010267647457,35.78982707912325
make,194.34036822152893,26.80496844758572
model,66.77211439971734,14.618721839103832
color,53.19170853901178,12.207842723124994
transmission,49.18838383664688,34.07616733078231
