feature,importance,std
year_num,545.0497118981376,90.96470212088896
vehicle_age,501.631356216623,91.06291959449625
mileage_num,474.72788986174055,111.7636886809115
zip_code,267.80525237932034,75.92096459356421
city,183.73616502533451,55.32824812312307
state,126.06698733286093,30.685565591415504
make,113.71846734047476,36.769674794795876
model,60.35179695132592,14.14789464184024
color,47.42023415176227,20.56096321678164
transmission,46.754404755865565,26.70724843504832
