feature,importance,std
vehicle_age,579.1879481972545,92.41019312727722
year_num,575.6820546535869,82.56326666460923
state,501.0093701828616,65.52043091232542
mileage_num,464.40462569351075,100.63998446004466
zip_code,292.80423502528384,43.86697927942806
city,216.8010267647457,35.789827079123626
make,194.34036822152893,26.80496844758572
model,66.77211439971715,14.6187218391039
color,53.191708539012055,12.20784272312498
transmission,49.18838383664679,34.076167330782205
