feature,importance,std
vehicle_age,579.1879481972549,92.4101931272774
year_num,575.6820546535871,82.56326666460897
state,501.0093701828614,65.52043091232544
mileage_num,464.4046256935106,100.6399844600446
zip_code,292.8042350252834,43.86697927942773
city,216.80102676474553,35.78982707912345
make,194.34036822152893,26.80496844758572
model,66.77211439971707,14.61872183910408
color,53.19170853901187,12.207842723124847
transmission,49.18838383664679,34.076167330782205
