feature,importance,std
year_num,319.28091583298254,54.526476738472205
vehicle_age,296.32664848497853,51.08978273630659
mileage_num,266.0303064539777,43.75173249234905
zip_code,209.26064935095354,42.66929626644829
city,148.82557255260173,28.562793612121745
make,86.27639413722837,15.2402036316191
color,47.44893081707069,25.23462075956787
state,31.74401012011831,20.45544509332035
model,27.924382702046294,5.478668849956047
transmission,18.795902876436866,26.146292820675022
