feature,importance,std
vehicle_age,579.1879481972547,92.4101931272775
year_num,575.6820546535869,82.56326666460923
state,501.0093701828615,65.52043091232531
mileage_num,464.40462569351075,100.63998446004466
zip_code,292.80423502528356,43.86697927942808
city,216.8010267647459,35.78982707912371
make,194.34036822152885,26.80496844758556
model,66.77211439971715,14.618721839103866
color,53.191708539011685,12.20784272312502
transmission,49.18838383664733,34.076167330782525
