feature,importance,std
mileage_num,554.6036544610863,84.15220989340658
vehicle_age,394.35820607046105,41.76450214524546
year_num,363.66226802219137,35.34293188944901
zip_code,271.34356496360226,59.83365447437542
city,259.4920279637834,34.2561201805911
make,82.10340912894807,38.32421004529184
state,59.95834482616483,17.48849462064386
model,46.41745225523355,19.086952552769503
color,39.500919334763424,19.361655071122332
transmission,12.688371299621668,19.451071439499117
