feature,importance,std
vehicle_age,579.1879481972547,92.410193127277
year_num,575.6820546535871,82.56326666460924
state,501.0093701828614,65.52043091232544
mileage_num,464.40462569351064,100.6399844600444
zip_code,292.80423502528356,43.86697927942794
city,216.8010267647459,35.789827079123256
make,194.34036822152876,26.8049684475858
model,66.77211439971715,14.618721839103953
color,53.19170853901178,12.207842723124994
transmission,49.18838383664688,34.07616733078229
