feature,importance,std
vehicle_age,367.7321605536128,64.41420727178456
year_num,363.7652665165957,66.41233031960998
mileage_num,354.0553823220372,57.187798579366785
zip_code,309.8147341724647,54.70925132546333
city,184.10570103766787,26.59040335635017
make,106.45389266216561,26.864211994816426
state,55.20020461011036,21.565371045708943
model,49.527281030485845,12.915404981926821
color,46.286014740514474,25.836775363894805
transmission,-3.6844119921372114,8.178175299922943
