feature,importance,std
vehicle_age,579.1879481972547,92.4101931272775
year_num,575.6820546535872,82.563266664609
state,501.0093701828616,65.52043091232542
mileage_num,464.40462569351087,100.63998446004456
zip_code,292.80423502528345,43.8669792794278
city,216.80102676474544,35.789827079123484
make,194.34036822152902,26.80496844758554
model,66.77211439971715,14.618721839103953
color,53.19170853901196,12.207842723124866
transmission,49.18838383664661,34.07616733078222
