feature,importance,std
mileage_num,602.9598953045128,93.08731500918857
year_num,493.8238857076196,77.46488331854094
state,476.810408002142,51.62831686713357
vehicle_age,363.7967684128783,66.13356948469033
zip_code,233.83094457064263,30.29809597203802
city,199.08561569000994,20.0304163960286
make,147.00512217794858,35.051335582043514
color,73.46704257550509,13.506975497187643
model,60.176181783676476,17.544719496151266
transmission,16.228496609978265,36.228643832133066
