feature,importance,std
mileage_num,602.9598953045127,93.08731500918861
year_num,493.8238857076196,77.46488331854117
state,476.810408002142,51.62831686713357
vehicle_age,363.7967684128781,66.1335694846904
zip_code,233.83094457064254,30.29809597203803
city,199.08561569000977,20.030416396028663
make,147.0051221779485,35.05133558204366
color,73.46704257550519,13.506975497187888
model,60.176181783676384,17.5447194961514
transmission,16.228496609978627,36.22864383213295
