feature,importance,std
vehicle_age,517.7273851085054,51.402601659091715
mileage_num,503.13835470780197,71.0270287963906
year_num,477.6071995907026,44.248394920433675
zip_code,279.517689480617,41.84127117690692
city,217.1968384084418,33.057705344431575
make,139.62733762065508,16.1447511231445
state,70.03646179117732,28.146292729929357
model,51.01049470016287,9.31296376109174
color,43.83062039290517,15.215940903598943
transmission,7.011600008418645,3.8601080833617143
