feature,importance,std
mileage_num,462.32472642168204,97.75965108270972
year_num,392.34571357533275,68.03464765430847
vehicle_age,382.60660102744305,56.90403884638178
zip_code,260.76872564159765,68.62461359589317
city,187.33589819672133,52.91097177000613
state,147.85336310380043,76.64158742513195
make,116.67442896173898,33.00278406329867
color,77.65892085021387,16.28596981808868
model,60.769604407007044,12.877485412661828
transmission,48.77008950649215,31.683915854392524
