feature,importance,std
mileage_num,602.959895304511,93.08731500918857
year_num,493.8238857076179,77.46488331854124
state,476.8104080021402,51.62831686713357
vehicle_age,363.79676841287665,66.13356948469028
zip_code,233.83094457064044,30.298095972038347
city,199.0856156900083,20.03041639602865
make,147.00512217794676,35.051335582043514
color,73.46704257550346,13.506975497187847
model,60.176181783674565,17.544719496151217
transmission,16.228496609976172,36.2286438321332
