feature,importance,std
vehicle_age,407.33342961550954,38.46126031318679
mileage_num,396.6192838016826,43.5855571606579
year_num,386.08193572956253,33.862275174098755
zip_code,338.6471732344865,39.3591934530791
state,258.57079304388435,59.028677390176966
city,215.7131160802105,23.84822137039687
make,145.2551489716916,30.798667760209856
model,75.25074257671331,13.231038110755469
color,63.93084054297269,12.440221834808167
transmission,43.485530373646995,25.981413857612832
