feature,importance,std
mileage_num,243.4987459601992,26.600216009556963
year_num,222.5403625148312,19.071514954806386
zip_code,221.81686877791554,38.12314891778914
vehicle_age,202.87921225886794,19.124902548593138
city,144.15804092014542,20.43931691685223
make,70.69159132828426,12.080269835665492
state,37.449267409993354,15.125448059100934
color,32.760365899220595,7.961897235033038
model,14.527276847643043,5.596961153153777
transmission,2.667610755694932,5.028261571451327
