feature,importance,std
vehicle_age,579.1879481972549,92.41019312727738
year_num,575.6820546535869,82.56326666460923
state,501.0093701828614,65.52043091232544
mileage_num,464.40462569351104,100.63998446004472
zip_code,292.8042350252837,43.86697927942791
city,216.8010267647459,35.78982707912367
make,194.34036822152885,26.804968447585722
model,66.77211439971707,14.618721839104186
color,53.19170853901196,12.20784272312501
transmission,49.18838383664679,34.0761673307821
