feature,importance,std
transmission,180.9281680689838,54.40170649014017
mileage_num,156.04009759151012,96.15226912478946
state,123.93533621273764,43.872332016107954
make,111.97924583161375,42.21898158916512
zip_code,103.37945460639976,69.30619357792335
model,102.50498941611458,51.69560627723491
city,100.80657710901733,66.81275887503124
color,67.44282328254113,20.895216897549815
year_num,47.30038724994556,92.45347314275209
vehicle_age,44.87530586254652,97.86476967542917
