feature,importance,std
vehicle_age,303.7298705274108,38.437092080483666
year_num,276.5898618267723,36.63727123609282
mileage_num,256.1868885303472,25.458797340111637
zip_code,210.87375550805518,34.78322300630706
city,200.59135771219744,16.854247151915622
make,81.51664783430078,18.36176442763147
color,50.80943353452703,9.154958941795144
state,45.681721126334836,12.745428196311872
model,25.26780454924856,8.264641420602738
transmission,2.3993088887188607,4.680660673420616
