feature,importance,std
vehicle_age,357.33540097648785,35.0144885416589
year_num,350.4569550602737,37.55484814906266
mileage_num,322.93595939719063,39.94696597405423
zip_code,314.3627457388774,27.45007285780963
city,193.95334311387077,14.899027609285021
make,72.59668168604385,18.455399770514667
color,49.023348811946654,10.333804857957336
state,39.68390702685665,8.616970823508826
model,18.580544271173494,2.509036354178443
transmission,11.762226419464696,17.955605527396237
