feature,importance,std
vehicle_age,579.1879481972545,92.41019312727722
year_num,575.6820546535869,82.56326666460923
state,501.0093701828614,65.52043091232544
mileage_num,464.40462569351064,100.6399844600444
zip_code,292.8042350252837,43.86697927942785
city,216.8010267647458,35.78982707912363
make,194.34036822152885,26.804968447585722
model,66.77211439971715,14.618721839103953
color,53.19170853901196,12.207842723124983
transmission,49.18838383664679,34.076167330782276
