feature,importance,std
mileage_num,277.350289506024,46.42542689394199
vehicle_age,253.2847617850607,39.82563638056366
year_num,221.50630947724068,35.947234712282906
zip_code,165.29921836596503,26.355619839380058
city,111.25454185310745,21.714744185480036
make,63.274042035746696,6.041900367177895
state,30.293764317501246,14.522404224268902
color,28.622084820232704,20.14509015250637
model,17.89475676669317,3.676634525202477
transmission,2.3103621269716315,3.1239021453331626
