feature,importance,std
vehicle_age,579.1879481972551,92.4101931272777
year_num,575.6820546535869,82.56326666460923
state,501.0093701828614,65.52043091232544
mileage_num,464.40462569351087,100.63998446004456
zip_code,292.8042350252837,43.86697927942785
city,216.80102676474561,35.78982707912349
make,194.34036822152893,26.80496844758572
model,66.77211439971697,14.618721839104097
color,53.19170853901187,12.207842723125163
transmission,49.18838383664688,34.07616733078205
