feature,importance,std
vehicle_age,579.1879481972549,92.41019312727738
year_num,575.6820546535869,82.56326666460903
state,501.0093701828616,65.52043091232542
mileage_num,464.40462569351087,100.63998446004456
zip_code,292.80423502528345,43.86697927942783
city,216.8010267647459,35.78982707912352
make,194.34036822152893,26.80496844758572
model,66.77211439971725,14.618721839104026
color,53.19170853901178,12.207842723125065
transmission,49.188383836647155,34.07616733078263
