feature,importance,std
mileage_num,500.0081660311913,124.6369786323179
vehicle_age,273.9548657846176,117.77281207918766
year_num,265.4726907697968,135.17133727099835
make,220.42610360941117,47.61236680535878
city,212.5024554184005,45.30854205677592
zip_code,177.02102430924688,56.25320388077002
model,99.723068056798,20.23092147365
state,84.30735493458387,44.95930921897964
color,8.389078447914562,16.45666186820675
transmission,-0.8301677383035895,9.811565153326445
