feature,importance,std
vehicle_age,407.3334296155087,38.46126031318683
mileage_num,396.61928380168183,43.58555716065785
year_num,386.0819357295618,33.86227517409886
zip_code,338.6471732344855,39.35919345307916
state,258.5707930438833,59.028677390177165
city,215.71311608020943,23.848221370396985
make,145.2551489716906,30.798667760209955
model,75.25074257671204,13.23103811075532
color,63.93084054297187,12.440221834808435
transmission,43.485530373646455,25.981413857613095
