feature,importance,std
mileage_num,503.9166622408542,119.61445474217172
make,114.37470667671305,30.90008184148478
model,61.591200689212016,25.786839346587396
year_num,9.09611168305555,49.092970885192614
vehicle_age,7.192167753427566,59.21776151213492
color,0.0,0.0
state,0.0,0.0
city,0.0,0.0
zip_code,0.0,0.0
transmission,-31.55439906141337,18.122084548287276
