feature,importance,std
mileage_num,602.9598953045127,93.08731500918873
year_num,493.8238857076195,77.46488331854108
state,476.81040800214197,51.6283168671337
vehicle_age,363.7967684128781,66.13356948469037
zip_code,233.83094457064254,30.29809597203803
city,199.08561569000986,20.030416396028684
make,147.0051221779485,35.0513355820435
color,73.46704257550509,13.50697549718781
model,60.176181783676384,17.544719496151192
transmission,16.228496609978173,36.22864383213299
