feature,importance,std
mileage_num,1364.1831185234078,422.565189482618
year_num,477.8461681935252,287.8497961130246
vehicle_age,433.5562199436739,242.90301820834975
zip_code,239.4982194824115,79.54041350316189
city,210.07957498379602,79.62411104751796
make,167.6526656819189,84.67227490727991
model,53.33696213884305,33.84134848066167
transmission,31.38170963203829,159.63879941662546
state,21.270307178496477,210.39548018686057
color,-0.4530503068734106,46.844725550747775
