feature,importance,std
mileage_num,751.4817219802435,60.204655656626386
year_num,453.2096220397023,49.00244185765395
vehicle_age,374.3158393045331,41.35379844507981
zip_code,269.95689298173636,55.84314770884367
city,194.83007455842798,47.30379583780201
make,186.0685400943843,28.70600401659867
state,90.99853172778622,44.168395092624465
color,72.88416582398077,15.33823955961141
model,62.717093874787864,16.074058920037558
transmission,31.327147263732694,13.57521076695599
