feature,importance,std
vehicle_age,579.1879481972545,92.41019312727722
year_num,575.6820546535871,82.56326666460897
state,501.0093701828614,65.52043091232544
mileage_num,464.40462569351075,100.63998446004466
zip_code,292.80423502528356,43.86697927942786
city,216.80102676474561,35.78982707912348
make,194.34036822152893,26.804968447585576
model,66.77211439971715,14.618721839103985
color,53.19170853901187,12.207842723124847
transmission,49.1883838366467,34.076167330782155
