feature,importance,std
mileage_num,407.75010761590454,172.06269351985978
year_num,198.4255270114407,87.44954298378711
vehicle_age,184.5503511586484,70.55055638503636
zip_code,164.60947058544053,42.39282326223423
city,92.81601134827952,30.055014049018737
state,81.68451114412228,114.36536301356638
make,64.72895148889066,21.158877367131673
model,30.65944184558284,20.329839297847023
color,22.887935549465965,36.80495155130673
transmission,-49.89850614430443,62.802992121398105
