feature,importance,std
vehicle_age,362.3498490957146,57.54919729314641
mileage_num,357.1712428925763,87.31164754541307
year_num,303.77289223226046,51.95483658979293
zip_code,176.1619369804909,66.35728169428222
state,174.99455548324448,61.94274815791722
city,116.57972709972219,34.41479532297203
color,111.17197923726026,23.13281269512609
make,93.49270628007825,38.33922607106017
transmission,86.91440867454048,53.96504261878845
model,84.6600024520636,23.233357790329976
