feature,importance,std
vehicle_age,579.1879481972547,92.4101931272775
year_num,575.6820546535872,82.563266664609
state,501.0093701828614,65.52043091232544
mileage_num,464.40462569351087,100.63998446004463
zip_code,292.80423502528373,43.86697927942805
city,216.8010267647458,35.789827079123725
make,194.34036822152893,26.80496844758572
model,66.77211439971715,14.618721839103953
color,53.191708539012055,12.20784272312482
transmission,49.1883838366467,34.076167330782155
