feature,importance,std
mileage_num,602.9598953045125,93.08731500918879
year_num,493.8238857076193,77.46488331854114
state,476.81040800214197,51.6283168671337
vehicle_age,363.7967684128779,66.13356948469017
zip_code,233.83094457064243,30.29809597203804
city,199.08561569000986,20.0304163960286
make,147.00512217794858,35.051335582043514
color,73.46704257550519,13.5069754971876
model,60.17618178367629,17.54471949615135
transmission,16.228496609978173,36.22864383213312
