feature,importance,std
vehicle_age,579.1879481972547,92.4101931272775
year_num,575.6820546535869,82.56326666460923
state,501.0093701828615,65.52043091232557
mileage_num,464.40462569351064,100.6399844600444
zip_code,292.80423502528345,43.86697927942778
city,216.80102676474561,35.78982707912342
make,194.34036822152885,26.80496844758556
model,66.77211439971734,14.618721839104023
color,53.19170853901187,12.207842723124964
transmission,49.18838383664661,34.07616733078222
