feature,importance,std
mileage_num,449.99881264278395,56.278066441028244
year_num,423.4606827439109,78.95638772671708
vehicle_age,383.82426268359166,69.44868855462312
zip_code,289.61056234515706,45.99253354720641
city,207.06024360958463,30.795545284710524
state,127.33596082355044,28.808973114550646
make,115.26933532894091,20.120978176481987
model,50.391458055844126,13.307279140937084
color,39.666026800827964,7.948779352629378
transmission,21.85501737663244,10.741886553135188
