feature,importance,std
mileage_num,615.4597729906516,105.76359851582812
vehicle_age,436.751031950618,69.15455344287662
year_num,436.721623359595,80.06996424976197
make,129.10704591223248,25.02035979349485
city,128.16337483826356,32.32718786661208
zip_code,127.47816310249691,48.72984798390815
state,101.71789655595703,62.610261014230126
transmission,74.95669434335369,32.713335923483875
model,74.66819426768424,20.241295309485086
color,55.664744513545244,17.767128981421312
