feature,importance,std
mileage_num,552.7661324442603,111.39335584073328
vehicle_age,523.4345828860432,51.421998544902586
year_num,464.7279930411355,47.24512035225314
zip_code,212.92100385321018,38.59886036876277
city,165.16918179825998,37.129212153798676
make,120.81012592980014,27.09105608742486
state,108.00744839743156,26.57710760442665
color,60.658170955550304,13.95332294953755
model,42.642730999648485,10.218955987712953
transmission,31.791620917411546,11.141782884279618
