feature,importance,std
vehicle_age,579.1879481972545,92.41019312727722
year_num,575.6820546535871,82.56326666460897
state,501.0093701828616,65.52043091232542
mileage_num,464.40462569351075,100.63998446004466
zip_code,292.80423502528345,43.86697927942796
city,216.80102676474544,35.78982707912339
make,194.34036822152893,26.80496844758572
model,66.77211439971707,14.61872183910396
color,53.191708539011685,12.207842723124946
transmission,49.18838383664725,34.076167330782674
