feature,importance,std
mileage_num,537.0002674676952,86.65477210560272
vehicle_age,437.191842386712,68.63647486028596
year_num,339.6091755132232,62.74656659488889
zip_code,264.8482901182739,41.97674970444266
state,170.88034796779493,50.870483981566515
city,169.13993710990408,26.84643200105239
make,150.95338123812462,36.599506337353425
color,74.70740073558981,17.05036352064839
model,46.041326051207854,12.116514035054518
transmission,30.2234685581554,20.29706684020373
