feature,importance,std
vehicle_age,579.1879481972547,92.4101931272775
year_num,575.6820546535871,82.56326666460924
state,501.0093701828613,65.52043091232558
mileage_num,464.40462569351064,100.63998446004449
zip_code,292.80423502528373,43.866979279427866
city,216.8010267647458,35.78982707912357
make,194.34036822152885,26.80496844758556
model,66.77211439971742,14.618721839104108
color,53.19170853901187,12.207842723125106
transmission,49.18838383664697,34.076167330782404
