feature,importance,std
mileage_num,519.8407691770174,48.02833351936644
year_num,442.80794344701764,47.81323856652226
vehicle_age,412.72513435256485,45.32964964746112
zip_code,217.2806139592846,34.669847856347836
city,154.95888076030604,24.658019426458967
make,85.51679688821105,15.431021095664878
state,58.41291293472477,14.310052380520073
model,48.39312490272869,7.729079602275912
color,43.02095718299042,10.259132819511825
transmission,5.793618475337189,5.900589981623332
