feature,importance,std
vehicle_age,579.1879481972545,92.41019312727722
year_num,575.6820546535871,82.56326666460897
state,501.0093701828613,65.52043091232558
mileage_num,464.40462569351087,100.63998446004463
zip_code,292.80423502528345,43.866979279427866
city,216.8010267647459,35.78982707912356
make,194.34036822152902,26.804968447585733
model,66.77211439971715,14.618721839103983
color,53.19170853901178,12.207842723125095
transmission,49.18838383664688,34.07616733078222
