feature,importance,std
vehicle_age,407.3334296155087,38.46126031318688
mileage_num,396.61928380168166,43.585557160658006
year_num,386.0819357295615,33.86227517409897
zip_code,338.64717323448565,39.35919345307919
state,258.57079304388327,59.028677390177364
city,215.7131160802096,23.84822137039687
make,145.25514897169077,30.798667760209767
model,75.25074257671194,13.231038110755392
color,63.930840542971694,12.440221834808343
transmission,43.485530373646085,25.98141385761318
