feature,importance,std
vehicle_age,407.3334296155087,38.46126031318688
mileage_num,396.6192838016817,43.585557160657956
year_num,386.0819357295619,33.86227517409878
zip_code,338.64717323448565,39.35919345307923
state,258.5707930438833,59.028677390177165
city,215.71311608020952,23.84822137039676
make,145.25514897169077,30.798667760209767
model,75.25074257671231,13.231038110755705
color,63.93084054297187,12.440221834808353
transmission,43.48553037364627,25.98141385761319
