feature,importance,std
vehicle_age,416.79580327812545,62.417308259158126
year_num,409.87187645316016,53.93073699636457
mileage_num,404.6094445822599,42.06846862478804
zip_code,262.626968678985,58.93740122490703
city,213.1026228655015,37.60247850143143
make,121.01896781904824,24.350057742011334
state,61.72160066766237,28.87707088275374
model,50.265691985782176,16.631694773002412
color,43.33673497853006,13.058724395547157
transmission,22.765154613952745,10.854930683886876
