feature,importance,std
vehicle_age,579.1879481972549,92.41019312727738
year_num,575.6820546535871,82.56326666460897
state,501.0093701828616,65.52043091232542
mileage_num,464.40462569351064,100.63998446004449
zip_code,292.80423502528356,43.86697927942786
city,216.80102676474561,35.78982707912342
make,194.34036822152902,26.804968447585733
model,66.77211439971715,14.618721839103985
color,53.19170853901187,12.207842723125063
transmission,49.18838383664679,34.076167330782226
