feature,importance,std
year_num,340.98351926596297,134.2522921606247
vehicle_age,310.5894419412067,112.02461166296521
mileage_num,204.01884635655352,99.81025420714538
zip_code,203.86701526531343,19.01652777966468
state,162.79512358955427,46.36253624355091
city,128.51068301855577,44.33352799695255
make,120.4902092164044,25.70998207282536
model,72.69370277307625,25.096516197591345
transmission,71.12868993830325,54.59477315105264
color,69.2851728410109,21.017579713771642
