feature,importance,std
vehicle_age,579.1879481972549,92.41019312727738
year_num,575.6820546535869,82.56326666460923
state,501.00937018286174,65.52043091232541
mileage_num,464.40462569351064,100.63998446004449
zip_code,292.80423502528345,43.866979279427746
city,216.8010267647458,35.78982707912346
make,194.34036822152902,26.804968447585733
model,66.77211439971715,14.618721839103944
color,53.191708539012055,12.207842723124946
transmission,49.18838383664725,34.07616733078254
