feature,importance,std
year_num,439.21157841203467,37.39329162513554
vehicle_age,425.82050582165783,38.452280857400794
mileage_num,402.5441565237612,62.851148906564255
zip_code,280.1192096163284,53.69990630907492
city,194.184007449005,34.36977386538018
state,84.2445884443213,25.939079974367452
make,80.62156543091787,27.824796282707688
color,48.99071604402652,10.263382993616966
model,41.97187071636472,10.862785583510853
transmission,15.079071531819864,6.174612306760615
