feature,importance,std
vehicle_age,579.1879481972545,92.41019312727722
year_num,575.6820546535869,82.56326666460923
state,501.0093701828617,65.5204309123253
mileage_num,464.40462569351064,100.63998446004449
zip_code,292.80423502528345,43.866979279428016
city,216.8010267647457,35.78982707912341
make,194.34036822152876,26.80496844758564
model,66.77211439971725,14.618721839103895
color,53.191708539012055,12.207842723124722
transmission,49.188383836647155,34.07616733078227
