feature,importance,std
mileage_num,495.02377051578867,61.412016494107334
year_num,474.3372792593176,22.728243677782412
vehicle_age,417.278327644823,27.264789478576585
zip_code,244.27288510179687,53.50276449638592
city,205.4207302368389,48.61005179273814
state,153.01669418178443,24.352562288907187
make,141.5814703632089,26.56034525898741
color,52.55287658460693,13.079807194291675
model,45.26115716315453,9.757438586132304
transmission,26.330506992649134,10.428103545261807
