feature,importance,std
vehicle_age,579.1879481972547,92.4101931272775
year_num,575.6820546535871,82.56326666460924
state,501.0093701828615,65.52043091232531
mileage_num,464.40462569351075,100.63998446004466
zip_code,292.80423502528345,43.86697927942803
city,216.80102676474561,35.78982707912349
make,194.34036822152893,26.80496844758572
model,66.77211439971742,14.618721839103918
color,53.19170853901196,12.20784272312506
transmission,49.18838383664697,34.07616733078243
