feature,importance,std
mileage_num,602.9598953045127,93.08731500918847
year_num,493.8238857076196,77.46488331854118
state,476.810408002142,51.62831686713357
vehicle_age,363.7967684128783,66.13356948469047
zip_code,233.83094457064226,30.298095972038347
city,199.08561569000994,20.0304163960286
make,147.0051221779484,35.05133558204341
color,73.46704257550536,13.506975497187806
model,60.176181783676476,17.544719496151266
transmission,16.22849660997854,36.22864383213298
