feature,importance,std
mileage_num,651.980619461053,107.62279742041132
year_num,531.8317104531864,82.23478348410605
vehicle_age,456.65562789439974,62.81827506325291
zip_code,241.0123288996173,37.44210384110699
city,197.95267431166903,48.6409850368181
state,129.99430648260514,35.204238014597934
make,116.65494777932236,27.46991488800661
color,47.23272865401932,16.00717916869982
transmission,38.89448958471421,14.908991633918456
model,36.90609479811874,27.404804197232373
