feature,importance,std
vehicle_age,579.1879481972547,92.4101931272775
year_num,575.6820546535871,82.56326666460924
state,501.00937018286174,65.52043091232541
mileage_num,464.40462569351087,100.63998446004456
zip_code,292.80423502528356,43.86697927942794
city,216.8010267647457,35.78982707912352
make,194.34036822152893,26.80496844758572
model,66.77211439971725,14.618721839103891
color,53.19170853901196,12.207842723125038
transmission,49.1883838366467,34.07616733078233
