feature,importance,std
vehicle_age,579.1879481972545,92.41019312727722
year_num,575.6820546535869,82.56326666460923
state,501.00937018286174,65.52043091232542
mileage_num,464.40462569351087,100.63998446004456
zip_code,292.80423502528373,43.866979279428
city,216.8010267647457,35.7898270791233
make,194.34036822152885,26.804968447585797
model,66.77211439971715,14.618721839103868
color,53.19170853901178,12.207842723124994
transmission,49.18838383664697,34.07616733078228
