feature,importance,std
mileage_num,495.0237705157889,61.41201649410729
year_num,474.33727925931754,22.728243677782395
vehicle_age,417.278327644823,27.264789478576585
zip_code,244.2728851017966,53.50276449638574
city,205.4207302368386,48.61005179273813
state,153.01669418178426,24.35256228890741
make,141.58147036320878,26.56034525898737
color,52.55287658460711,13.079807194291783
model,45.26115716315417,9.757438586132507
transmission,26.330506992649227,10.428103545261857
