feature,importance,std
mileage_num,602.959895304511,93.08731500918884
year_num,493.8238857076177,77.46488331854107
state,476.81040800214015,51.6283168671337
vehicle_age,363.7967684128762,66.13356948469054
zip_code,233.8309445706406,30.29809597203804
city,199.08561569000796,20.030416396028723
make,147.00512217794667,35.05133558204366
color,73.46704257550337,13.506975497187769
model,60.176181783674565,17.5447194961514
transmission,16.228496609976446,36.2286438321331
