feature,importance,std
mileage_num,602.9598953045137,93.08731500918857
year_num,493.8238857076205,77.46488331854117
state,476.8104080021429,51.6283168671337
vehicle_age,363.79676841287903,66.13356948469011
zip_code,233.83094457064345,30.29809597203803
city,199.08561569001077,20.030416396028684
make,147.0051221779494,35.05133558204366
color,73.46704257550618,13.506975497187847
model,60.17618178367729,17.544719496151345
transmission,16.228496609979175,36.22864383213291
