feature,importance,std
year_num,438.8610000033021,51.175888295372054
mileage_num,414.18172679083557,65.96975920470666
vehicle_age,347.8881935026451,42.702106595723464
zip_code,321.5578974830884,42.42015568912131
state,271.10103615215587,45.5623872488545
city,256.29483257293475,39.2690764536198
make,128.18725729495335,30.29104748765699
color,72.34243348670334,14.585213556062905
model,66.69362882853883,12.889925241190936
transmission,10.918640562578094,13.981551753587514
