feature,importance,std
mileage_num,483.36648984321045,99.75914570859278
year_num,291.541717648964,55.39839849246191
vehicle_age,273.7834530989318,50.62538238113683
zip_code,179.53526079677232,63.306254607169194
city,162.54598118168178,45.94664780065578
make,108.01504578978374,33.55286387988365
state,105.55039209315291,38.243300570350634
model,57.018052357414945,15.362133220219434
color,36.522805637937566,13.32200600454874
transmission,23.11271045006388,14.394926073283422
