feature,importance,std
year_num,275.30964164551233,28.98533702007659
vehicle_age,241.92633308350113,28.30874819984248
zip_code,215.42318951536117,29.19234763925516
mileage_num,212.074275172707,31.50078968991309
city,149.99673879203937,20.83504455588736
make,78.47630591606985,18.79475559255881
state,42.70036791873217,18.311185582923944
color,30.361646286485847,9.602610203025868
model,20.028159184210743,6.415031252811806
transmission,9.919936780658736,6.700154597249799
