feature,importance,std
vehicle_age,396.1374154446603,38.42297099403547
year_num,322.770129181156,31.441313091547816
zip_code,258.0217292682702,28.93542382498752
mileage_num,232.71881087996854,39.09373973745624
city,230.07370672620036,24.32528339340313
make,78.13143452091963,10.899180587310118
color,50.81694659388067,18.470235872269377
state,36.645866427255626,11.665687700842321
model,25.581025220463836,5.748653782781625
transmission,5.998209700766165,11.388258501722827
