feature,importance,std
mileage_num,524.7985056141445,52.84290574294168
vehicle_age,431.6248122082384,45.52570930903694
year_num,399.1850581428183,46.52686781739491
zip_code,204.8679261430786,52.44623627299989
state,160.42368131366555,68.27182073520314
city,137.32672970567745,27.863834899496872
make,130.66710457790487,33.02924123157569
transmission,71.42051019080118,13.317917975482004
color,62.72129712236419,12.736615275015604
model,51.61386309773634,16.049466492803006
