feature,importance,std
mileage_num,524.7985056141438,52.84290574294191
vehicle_age,431.67160940282173,45.50464454559471
year_num,399.18505814281735,46.526867817395065
zip_code,204.9894701385737,52.45767688127893
state,160.43752818288758,68.28237351580441
city,137.3276381045217,27.886477226909165
make,130.56732237296083,33.085532765310894
transmission,71.42051019080017,13.317917975482377
color,62.67142738090506,12.740336136148148
model,51.468531800183335,16.07305980673628
