feature,importance,std
mileage_num,670.6274361284364,179.32947256504522
year_num,465.8205756226307,97.69652021130855
vehicle_age,446.53442390957605,100.14960244656349
zip_code,249.0554828985696,73.71911881893043
make,187.93749552920744,60.80712232178487
city,166.5087139316018,58.54714413747902
transmission,110.47322419962111,48.75512642096333
state,109.95522085449848,100.95332938166848
color,69.00938294152529,26.544108747661358
model,31.258272083460724,12.809360040686432
