feature,importance,std
vehicle_age,579.1879481972547,92.4101931272775
year_num,575.6820546535871,82.56326666460924
state,501.0093701828614,65.52043091232544
mileage_num,464.40462569351075,100.63998446004439
zip_code,292.8042350252834,43.86697927942779
city,216.8010267647457,35.78982707912373
make,194.34036822152893,26.80496844758572
model,66.77211439971725,14.618721839104087
color,53.191708539011685,12.20784272312502
transmission,49.18838383664679,34.0761673307821
