feature,importance,std
vehicle_age,579.1879481972545,92.41019312727722
year_num,575.6820546535866,82.56326666460939
state,501.0093701828614,65.52043091232544
mileage_num,464.4046256935106,100.6399844600446
zip_code,292.8042350252834,43.86697927942773
city,216.8010267647457,35.78982707912333
make,194.34036822152885,26.804968447585654
model,66.77211439971725,14.618721839104115
color,53.19170853901196,12.207842723124903
transmission,49.18838383664679,34.0761673307824
