feature,importance,std
mileage_num,449.69355269841344,85.50492065621881
year_num,433.0068638727315,56.34538963374933
vehicle_age,381.34271482086285,43.6649026367387
zip_code,210.94898460885298,28.483505150367975
city,181.5165095487925,38.68655646268682
make,97.66601503377214,33.508934039774125
state,88.73148955318939,22.532832639491016
model,57.87835240579316,17.803591980023665
transmission,38.737810903668105,13.794540150351095
color,37.284147262794974,9.595014562777289
