feature,importance,std
mileage_num,602.959895304511,93.08731500918857
year_num,493.82388570761776,77.46488331854117
state,476.8104080021402,51.62831686713357
vehicle_age,363.7967684128763,66.13356948469055
zip_code,233.83094457064036,30.298095972038357
city,199.08561569000813,20.0304163960286
make,147.00512217794676,35.05133558204347
color,73.46704257550346,13.506975497187847
model,60.176181783674565,17.544719496151217
transmission,16.228496609976354,36.22864383213295
