feature,importance,std
vehicle_age,512.5661785506352,36.638389859590895
mileage_num,508.9199602537301,56.968934997504704
year_num,483.6537869930509,34.460601629764426
zip_code,234.35012212540443,36.101909206299766
city,188.90560515193982,34.219227474957975
state,159.693982291702,33.82932638436578
make,148.39602662313092,35.86673641039419
color,56.6065928283313,15.934197161374373
model,50.79307470433414,13.073910438112238
transmission,9.30708019409867,13.308498173035535
