feature,importance,std
mileage_num,602.959895304511,93.08731500918857
year_num,493.8238857076179,77.46488331854104
state,476.81040800214015,51.6283168671337
vehicle_age,363.7967684128762,66.13356948469034
zip_code,233.83094457064072,30.29809597203803
city,199.08561569000813,20.0304163960286
make,147.0051221779466,35.05133558204341
color,73.46704257550337,13.506975497187769
model,60.17618178367438,17.54471949615118
transmission,16.228496609976354,36.22864383213299
