feature,importance,std
mileage_num,602.9598953045108,93.08731500918847
year_num,493.82388570761793,77.46488331854111
state,476.8104080021402,51.62831686713357
vehicle_age,363.79676841287653,66.1335694846906
zip_code,233.8309445706406,30.298095972038038
city,199.08561569000813,20.0304163960286
make,147.00512217794667,35.05133558204366
color,73.46704257550354,13.506975497187806
model,60.17618178367447,17.544719496151366
transmission,16.228496609976354,36.228643832133294
