feature,importance,std
mileage_num,487.9080905897048,77.27139847746815
vehicle_age,402.8808787802882,42.37249364044912
year_num,399.90896968727776,37.89124080540427
zip_code,218.640454722477,33.92970178709607
city,174.63614803559176,36.61925231442155
make,114.0719334197167,23.124626054107907
state,77.71480339304544,24.79153210450576
color,61.011425060863985,8.704137948678948
model,41.388335289034146,10.91672914764671
transmission,26.941420917811136,16.647978585729334
