feature,importance,std
mileage_num,392.7607735794786,55.41084471988995
vehicle_age,383.6947728824525,66.78154943508785
year_num,383.358570649268,66.1546959765877
zip_code,145.7056350496663,96.42782526948685
transmission,124.44197403120488,26.472323316318352
city,121.15060975799297,60.117254077343496
make,114.85776129848901,29.99790624321226
color,60.44449159147344,17.021346889570932
model,33.650869494442304,17.332375731897027
state,15.322875074361765,82.57489509229482
