feature,importance,std
mileage_num,392.7607735794778,55.410844719889965
vehicle_age,383.69477288245173,66.78154943508773
year_num,383.3585706492671,66.1546959765877
zip_code,145.7056350496654,96.42782526948665
transmission,124.44197403120397,26.472323316318352
city,121.15060975799206,60.117254077343496
make,114.85776129848819,29.997906243212498
color,60.44449159147261,17.02134688957088
model,33.650869494441395,17.332375731897027
state,15.322875074360855,82.57489509229482
