feature,importance,std
year_num,350.7741345913989,57.482668129533465
mileage_num,309.37337135177347,33.16951420757558
vehicle_age,303.82461236222264,50.88067449514183
zip_code,232.952345124173,38.80558905401141
city,151.3195185755786,22.659342365880036
make,131.73995966449957,21.21420535512307
model,52.15084538920464,16.324069018708293
color,46.51234518455776,16.148397019612453
state,37.63301621913506,18.294319874743803
transmission,1.4230569774756987,16.078830053275933
