feature,importance,std
mileage_num,299.11188994050536,36.13404161684421
year_num,180.3945565183123,42.664693052262706
vehicle_age,169.28347576903298,43.72259309004716
zip_code,139.18570373001876,29.606141079708557
city,110.5872172202684,37.479227788604746
make,80.53030087288616,38.09765760806399
state,77.42257848857635,47.594824459417026
color,30.39185068053348,8.235679684830533
model,17.773251279428404,11.366908194198288
transmission,-16.485121453313877,10.50742365581229
