feature,importance,std
year_num,263.4822919734262,21.899854056670844
vehicle_age,256.4617490147234,22.79347196336018
mileage_num,242.56715586038007,20.53242482889797
zip_code,234.38031225750265,24.50190048949916
city,161.08494224049863,22.987067168776576
make,64.80225993402546,20.15069863166777
state,38.53510924725824,12.162886904111723
color,31.65700094414833,8.849001141814405
model,23.809302784679858,8.602676776471375
transmission,-1.8778603504554667,3.612311922249205
