feature,importance,std
vehicle_age,265.27817169120107,37.42127458138747
year_num,259.07054790026024,31.10771891910298
zip_code,217.54922725195038,20.246402041582606
mileage_num,216.2252328114342,26.343382492230198
city,174.10841646037653,17.937572976884166
make,71.98867263936673,13.26532422569532
color,41.29995763892284,7.410392769194695
model,25.71526601734513,8.322056681910153
state,22.784069557622026,14.57724871635952
transmission,20.084168682490326,8.882034102999386
