feature,importance,std
mileage_num,602.9598953045137,93.08731500918857
year_num,493.8238857076205,77.46488331854094
state,476.8104080021429,51.6283168671337
vehicle_age,363.7967684128789,66.1335694846905
zip_code,233.83094457064354,30.29809597203802
city,199.08561569001077,20.030416396028663
make,147.0051221779495,35.051335582043514
color,73.46704257550618,13.506975497187847
model,60.1761817836772,17.544719496151238
transmission,16.228496609978993,36.22864383213323
