feature,importance,std
mileage_num,344.8770450885624,80.32067096202863
year_num,257.9530957227789,81.75412196239431
vehicle_age,250.38678415032555,64.96779560305295
zip_code,212.23161760276517,34.381856975098785
city,125.07829638137518,30.97818690818235
make,89.09070864178857,21.852154585554512
state,51.056547417554974,18.622477276465258
color,42.54016853995317,16.717398513975688
model,26.874373955915416,8.829458514384143
transmission,3.3756953601020543,4.047707808530601
