feature,importance,std
vehicle_age,579.1879481972547,92.4101931272775
year_num,575.6820546535871,82.56326666460924
state,501.0093701828616,65.52043091232544
mileage_num,464.40462569351075,100.63998446004466
zip_code,292.8042350252837,43.86697927942808
city,216.80102676474561,35.78982707912346
make,194.34036822152902,26.804968447585733
model,66.77211439971707,14.618721839104078
color,53.191708539012055,12.20784272312494
transmission,49.1883838366467,34.076167330782155
