feature,importance,std
vehicle_age,579.1879481972547,92.4101931272775
year_num,575.6820546535871,82.56326666460897
state,501.0093701828614,65.52043091232544
mileage_num,464.40462569351064,100.63998446004469
zip_code,292.8042350252837,43.86697927942791
city,216.80102676474598,35.78982707912333
make,194.34036822152902,26.804968447585733
model,66.77211439971734,14.618721839104023
color,53.191708539012055,12.207842723124722
transmission,49.18838383664688,34.07616733078222
