feature,importance,std
mileage_num,602.9598953045127,93.08731500918846
year_num,493.8238857076196,77.46488331854118
state,476.81040800214197,51.6283168671337
vehicle_age,363.7967684128783,66.13356948469043
zip_code,233.83094457064263,30.29809597203802
city,199.08561569001003,20.030416396028713
make,147.00512217794858,35.051335582043514
color,73.46704257550509,13.50697549718781
model,60.176181783676476,17.544719496151394
transmission,16.228496609978173,36.22864383213302
