feature,importance,std
year_num,340.98351926596297,134.25229216062476
vehicle_age,310.5894419412067,112.02461166296521
mileage_num,204.01884635655333,99.8102542071453
zip_code,203.86701526531323,19.016527779664656
state,162.79512358955435,46.36253624355105
city,128.51068301855577,44.333527996952306
make,120.49020921640412,25.709982072825706
model,72.69370277307635,25.096516197591324
transmission,71.12868993830334,54.594773151052216
color,69.2851728410109,21.017579713771795
