feature,importance,std
vehicle_age,579.1879481972545,92.41019312727722
year_num,575.6820546535869,82.56326666460923
state,501.0093701828617,65.5204309123253
mileage_num,464.40462569351087,100.63998446004456
zip_code,292.80423502528356,43.86697927942786
city,216.8010267647457,35.78982707912345
make,194.34036822152893,26.80496844758572
model,66.77211439971715,14.618721839104087
color,53.19170853901178,12.207842723124875
transmission,49.18838383664679,34.076167330782205
