feature,importance,std
mileage_num,602.9598953045108,93.08731500918847
year_num,493.82388570761776,77.46488331854117
state,476.81040800214015,51.6283168671337
vehicle_age,363.7967684128763,66.13356948469053
zip_code,233.8309445706406,30.29809597203804
city,199.08561569000813,20.0304163960286
make,147.00512217794667,35.05133558204366
color,73.46704257550337,13.506975497187769
model,60.176181783674565,17.544719496151192
transmission,16.228496609976446,36.22864383213291
