feature,importance,std
vehicle_age,579.1879481972547,92.4101931272775
year_num,575.6820546535871,82.56326666460924
state,501.0093701828616,65.52043091232542
mileage_num,464.40462569351064,100.6399844600444
zip_code,292.80423502528345,43.86697927942802
city,216.80102676474544,35.789827079123064
make,194.34036822152885,26.804968447585704
model,66.77211439971725,14.618721839103808
color,53.19170853901196,12.207842723125035
transmission,49.18838383664679,34.0761673307821
