feature,importance,std
vehicle_age,579.1879481972545,92.41019312727722
year_num,575.6820546535869,82.56326666460923
state,501.0093701828616,65.52043091232542
mileage_num,464.40462569351087,100.63998446004456
zip_code,292.80423502528345,43.866979279427916
city,216.80102676474553,35.7898270791234
make,194.34036822152902,26.804968447585757
model,66.77211439971734,14.618721839103832
color,53.191708539012055,12.207842723124918
transmission,49.18838383664679,34.07616733078223
