feature,importance,std
vehicle_age,579.1879481972547,92.4101931272775
year_num,575.6820546535869,82.56326666460923
state,501.0093701828617,65.5204309123253
mileage_num,464.40462569351075,100.63998446004466
zip_code,292.8042350252834,43.86697927942798
city,216.80102676474561,35.78982707912348
make,194.34036822152902,26.804968447585733
model,66.77211439971734,14.618721839103832
color,53.19170853901187,12.207842723125061
transmission,49.18838383664706,34.07616733078235
