feature,importance,std
mileage_num,602.9598953045127,93.08731500918847
year_num,493.8238857076196,77.46488331854117
state,476.81040800214197,51.6283168671337
vehicle_age,363.79676841287767,66.13356948469057
zip_code,233.83094457064243,30.298095972038038
city,199.08561569001012,20.03041639602865
make,147.00512217794858,35.051335582043514
color,73.46704257550536,13.506975497187806
model,60.17618178367629,17.54471949615118
transmission,16.22849660997854,36.2286438321331
