feature,importance,std
mileage_num,732.6094995810961,115.82315903578483
vehicle_age,588.4835507125024,84.48393562844184
year_num,527.2256413321104,74.78056061032068
zip_code,232.93460451267566,71.11692844920582
make,189.0782087229696,44.16512825627045
city,149.39556322129482,43.7044016246927
color,77.83079701099159,9.072161242944045
state,68.00539301556691,67.59481128276835
model,56.035632353213444,23.71757498710227
transmission,54.53835512752012,20.201811860356138
