feature,importance,std
vehicle_age,579.1879481972547,92.4101931272775
year_num,575.6820546535869,82.56326666460923
state,501.0093701828613,65.52043091232558
mileage_num,464.40462569351064,100.63998446004447
zip_code,292.8042350252837,43.86697927942785
city,216.80102676474553,35.78982707912318
make,194.34036822152902,26.804968447585757
model,66.77211439971688,14.618721839104113
color,53.19170853901178,12.207842723124875
transmission,49.18838383664706,34.07616733078235
