feature,importance,std
year_num,234.05180641634888,27.35151488138058
vehicle_age,223.90166712244755,30.18261757773965
mileage_num,223.10238093216148,33.17517606414002
zip_code,196.57860615816352,26.085382879823285
city,116.09672433709757,26.04401365960754
make,52.411272783748885,13.176562786219733
color,37.52548563647715,9.190808346932869
state,35.791100843219375,19.89653602136716
model,22.86644737913548,11.967892980057314
transmission,7.503975763692688,5.073693023933277
