feature,importance,std
vehicle_age,238.1150772115384,32.57041942771795
year_num,229.96657470986392,35.26283985093033
mileage_num,229.09810306433928,50.00101115076508
zip_code,199.80510000003005,17.936893901217815
city,181.99704565369248,16.39456455258775
make,83.54334756465232,14.5289812499405
state,37.93039484488418,20.260698747796454
color,33.47471615652212,7.912826375511085
model,22.246773748093254,4.904018227309758
transmission,7.218684535073317,2.672816988554101
