feature,importance,std
vehicle_age,579.1879481972549,92.41019312727727
year_num,575.6820546535871,82.56326666460924
state,501.0093701828614,65.52043091232544
mileage_num,464.40462569351064,100.63998446004449
zip_code,292.8042350252837,43.86697927942793
city,216.8010267647457,35.78982707912352
make,194.34036822152876,26.80496844758545
model,66.77211439971725,14.618721839103891
color,53.19170853901187,12.207842723124896
transmission,49.1883838366467,34.07616733078233
