feature,importance,std
mileage_num,280.6157211000658,84.1488254011568
city,257.27592540727954,66.81743375175084
zip_code,246.7438044571085,42.54639950647769
year_num,230.90245554760995,60.85588770928285
vehicle_age,212.63882908447613,73.61537701875041
make,181.2855074722789,35.3446206973918
model,59.52949625109541,23.037058101727773
color,35.56879776827945,21.940818895320014
state,24.625401493272058,19.813186991379048
transmission,2.766479362146947,18.302109703721907
