feature,importance,std
mileage_num,602.959895304511,93.08731500918857
year_num,493.82388570761776,77.46488331854117
state,476.81040800214015,51.6283168671337
vehicle_age,363.79676841287636,66.13356948469006
zip_code,233.83094457064044,30.298095972038272
city,199.08561569000804,20.030416396028684
make,147.00512217794676,35.051335582043514
color,73.46704257550354,13.506975497187806
model,60.176181783674835,17.54471949615137
transmission,16.228496609976265,36.228643832133066
