feature,importance,std
vehicle_age,579.1879481972547,92.4101931272775
year_num,575.6820546535869,82.56326666460923
state,501.0093701828614,65.52043091232544
mileage_num,464.40462569351064,100.6399844600444
zip_code,292.80423502528345,43.86697927942803
city,216.80102676474561,35.789827079123576
make,194.34036822152893,26.80496844758572
model,66.77211439971715,14.618721839103944
color,53.191708539012055,12.20784272312482
transmission,49.188383836647155,34.07616733078244
