feature,importance,std
vehicle_age,266.1253854588522,23.078511050501398
mileage_num,242.6888030375535,31.627648737996868
year_num,218.33936276821933,19.885538758765097
zip_code,216.7866336533022,26.916326686268093
city,151.9660957185526,18.53652751593966
make,59.6966306746368,7.243085373486836
color,43.97969228028842,5.602020241638661
state,37.095947651169084,14.330109234862435
model,16.46781783460947,4.377654623038297
transmission,0.23164697352476651,3.858957905814116
