feature,importance,std
mileage_num,602.9598953045108,93.08731500918871
year_num,493.8238857076177,77.46488331854108
state,476.81040800214015,51.6283168671337
vehicle_age,363.7967684128762,66.13356948469034
zip_code,233.83094457064027,30.298095972038364
city,199.08561569000804,20.030416396028663
make,147.00512217794667,35.05133558204366
color,73.46704257550346,13.506975497187847
model,60.176181783674295,17.544719496151153
transmission,16.228496609976354,36.22864383213299
