feature,importance,std
year_num,619.2485719644259,73.86558442165712
mileage_num,540.9217368759903,54.91122134692894
vehicle_age,496.4228931053469,55.179110382910025
zip_code,301.13770155733,45.23339916631512
city,235.96312970359932,26.91797385331173
make,107.55349142858412,19.98297054548844
state,86.6209137678803,27.39435099439087
color,77.8870211580891,16.514690630457473
model,52.95090638531983,13.920669046562425
transmission,0.3962762733260206,16.270189117164104
