feature,importance,std
vehicle_age,301.5024880876029,33.68404214578694
year_num,269.75089232637083,26.65057965922343
mileage_num,215.38693082693527,41.40415466787447
zip_code,201.85331992425108,25.281950211080837
city,156.07688608044674,30.590115505325013
make,86.18548597462441,14.809845764371005
state,32.49989550403043,14.820565038834001
color,30.587407001574228,6.641846817493439
model,22.775401207935648,6.146492259401621
transmission,7.31510932141573,6.438294717033697
