feature,importance,std
vehicle_age,579.1879481972545,92.41019312727722
year_num,575.6820546535869,82.56326666460923
state,501.0093701828614,65.52043091232544
mileage_num,464.40462569351087,100.63998446004456
zip_code,292.80423502528345,43.86697927942778
city,216.8010267647458,35.78982707912346
make,194.34036822152893,26.80496844758572
model,66.77211439971715,14.618721839103953
color,53.191708539011685,12.207842723125024
transmission,49.1883838366467,34.076167330782155
