feature,importance,std
mileage_num,205.81406063246087,34.21718103572916
vehicle_age,202.64768685687721,31.135558348069225
year_num,194.15001258892272,32.008515215930274
zip_code,181.19708428624708,27.827995493386652
city,145.17845078233557,17.75525105739877
make,56.36121607631094,14.434589659050303
color,43.20426386425688,9.228339616398745
state,28.84759451099462,20.22333038911515
model,22.25667172833846,4.6313195720960465
transmission,10.722874231716105,7.666781647936512
