feature,importance,std
mileage_num,392.7607735794786,55.41084471988995
vehicle_age,383.6947728824525,66.78154943508784
year_num,383.35857064926813,66.15469597658789
zip_code,145.7056350496663,96.42782526948695
transmission,124.44197403120488,26.472323316318352
city,121.15060975799278,60.117254077343404
make,114.8577612984891,29.997906243212515
color,60.44449159147325,17.021346889571085
model,33.65086949444221,17.33237573189687
state,15.322875074361946,82.57489509229516
