feature,importance,std
year_num,335.18852114218515,68.16711031866248
vehicle_age,321.4870983207805,68.29946930888129
mileage_num,283.1380151865648,107.11191602937117
state,129.9277631822374,53.511584073161806
zip_code,116.33993755952788,48.05364111965136
city,101.40575800190072,39.646946927993994
color,80.04960639217161,21.40283823046383
make,69.9334352618982,46.57400526699361
transmission,69.08325758020919,48.234786062233674
model,67.79582572650315,14.676584176568618
