feature,importance,std
year_num,258.419807753,25.513549083894887
vehicle_age,243.3593952233823,28.441956661765953
mileage_num,195.7945542384594,19.922827245583516
zip_code,182.3217070301733,24.64982295144533
city,148.81831209453813,20.44608572030373
make,65.21843956318244,13.113034002221962
color,34.12230536754869,5.458865994753139
state,28.02675590277995,17.72499025882601
model,15.593248397215756,3.8258701662412546
transmission,-3.026825990125053,4.578871305336687
