feature,importance,std
mileage_num,260.3834179576223,36.97462245662931
vehicle_age,247.6671335834313,36.158998908102326
year_num,228.5518155807098,33.6742064330085
zip_code,217.96008761493286,18.473813300244803
city,168.3263823567915,24.947670011632532
make,104.93409469302915,13.792226759892147
state,38.15965663080442,13.41246073743583
color,34.759795527484314,8.786383711100667
model,30.48607344949314,7.042754522291665
transmission,7.1061352210554105,11.445146148131947
