feature,importance,std
vehicle_age,579.1879481972547,92.4101931272775
year_num,575.6820546535871,82.56326666460924
state,501.0093701828615,65.52043091232531
mileage_num,464.4046256935106,100.63998446004429
zip_code,292.8042350252833,43.86697927942791
city,216.8010267647457,35.78982707912359
make,194.34036822152893,26.80496844758556
model,66.77211439971707,14.618721839103927
color,53.19170853901178,12.207842723125157
transmission,49.1883838366467,34.076167330782155
