feature,importance,std
vehicle_age,407.33342961550863,38.46126031318684
mileage_num,396.61928380168195,43.58555716065773
year_num,386.0819357295618,33.86227517409898
zip_code,338.64717323448576,39.35919345307926
state,258.5707930438833,59.028677390177165
city,215.71311608020952,23.848221370396836
make,145.25514897169052,30.798667760210048
model,75.25074257671213,13.231038110755708
color,63.93084054297187,12.440221834808307
transmission,43.48553037364636,25.981413857612996
