feature,importance,std
year_num,425.26720172370995,56.22863022792181
vehicle_age,355.9351904595477,50.717309385172626
mileage_num,257.30222236874624,42.083874006520176
zip_code,221.88834586660505,41.74724197823319
city,139.00496032901182,35.380271093428156
make,81.3861527014974,24.614160460668927
color,54.981848829087355,19.685572210312735
state,50.06981018058168,20.31160455960377
model,24.529385783234193,6.673856294269671
transmission,17.411257665602534,15.581596070720092
