feature,importance,std
vehicle_age,330.92313485600755,44.68981750466295
mileage_num,294.3228322328755,30.535979091513234
year_num,283.9576543186966,33.62395504172604
zip_code,244.5056790525776,26.42166454737149
city,175.38708723223925,28.39760315580889
make,62.96707324878353,17.613446761712662
color,43.76913307516479,11.49969226015817
state,39.10515120663022,10.615893066116822
model,21.468603661481666,9.347234784693956
transmission,11.310572185213005,16.730650262294535
