feature,importance,std
vehicle_age,579.1879481972545,92.41019312727722
year_num,575.6820546535871,82.56326666460924
state,501.0093701828614,65.52043091232544
mileage_num,464.40462569351075,100.63998446004466
zip_code,292.80423502528356,43.8669792794278
city,216.80102676474544,35.78982707912344
make,194.34036822152885,26.80496844758556
model,66.77211439971697,14.618721839104136
color,53.191708539012055,12.207842723124791
transmission,49.1883838366467,34.076167330782155
