feature,importance,std
mileage_num,602.9598953045127,93.08731500918846
year_num,493.8238857076195,77.46488331854108
state,476.810408002142,51.62831686713369
vehicle_age,363.796768412878,66.13356948469048
zip_code,233.83094457064226,30.298095972038272
city,199.08561569000986,20.030416396028663
make,147.00512217794858,35.051335582043514
color,73.46704257550509,13.506975497187643
model,60.176181783676384,17.544719496151288
transmission,16.228496609978173,36.22864383213302
