feature,importance,std
mileage_num,462.8923297011735,51.340669592305694
year_num,440.55572605771874,56.81492408710373
vehicle_age,341.9744857681752,44.842514694693556
zip_code,275.4108363825173,44.14939130637246
city,156.91129318228386,23.82374121311882
make,87.77256342182673,20.740718343366648
state,82.54181020896348,18.027996276103817
color,55.51519704277016,11.242414688207933
model,46.61810981401877,4.688363876331814
transmission,25.631952997208373,14.54353855559331
