feature,importance,std
mileage_num,732.6094995810957,115.82315903578478
vehicle_age,588.4835507125024,84.48393562844247
year_num,527.2256413321104,74.78056061032068
zip_code,232.93460451267546,71.11692844920597
make,189.0782087229696,44.16512825627121
city,149.39556322129482,43.704401624692736
color,77.83079701099159,9.072161242944045
state,68.00539301556691,67.5948112827682
model,56.035632353213074,23.71757498710242
transmission,54.538355127519935,20.20181186035585
