feature,importance,std
mileage_num,392.7607735794788,55.410844719890086
vehicle_age,383.6947728824525,66.78154943508785
year_num,383.35857064926796,66.15469597658777
zip_code,145.7056350496661,96.4278252694868
transmission,124.44197403120488,26.472323316318352
city,121.15060975799288,60.11725407734339
make,114.85776129848882,29.997906243212544
color,60.44449159147325,17.021346889570584
model,33.650869494442304,17.332375731897027
state,15.322875074361855,82.57489509229487
