feature,importance,std
mileage_num,469.62623177020015,67.6357493486668
vehicle_age,431.6339353609402,52.03552853697838
year_num,370.3169100158131,46.04789762039701
zip_code,321.5810589425062,58.11860488045889
city,215.9704649956615,40.01679987680585
make,105.05803376961339,24.515416307425447
state,69.85088443780633,17.156549912600674
color,57.88504055724634,17.967083433780413
model,47.55937833341413,12.626649120580357
transmission,17.50868900590931,6.689964968754864
