feature,importance,std
vehicle_age,579.1879481972547,92.4101931272775
year_num,575.6820546535869,82.56326666460923
state,501.0093701828616,65.52043091232542
mileage_num,464.4046256935106,100.6399844600445
zip_code,292.80423502528373,43.8669792794279
city,216.80102676474561,35.78982707912352
make,194.3403682215291,26.80496844758577
model,66.77211439971715,14.618721839103953
color,53.19170853901178,12.207842723124875
transmission,49.188383836647155,34.07616733078222
