feature,importance,std
vehicle_age,579.1879481972549,92.41019312727727
year_num,575.6820546535866,82.56326666460927
state,501.0093701828614,65.52043091232544
mileage_num,464.4046256935106,100.6399844600445
zip_code,292.8042350252837,43.86697927942791
city,216.8010267647458,35.78982707912363
make,194.34036822152885,26.80496844758556
model,66.77211439971715,14.618721839103953
color,53.19170853901187,12.207842723124843
transmission,49.188383836647155,34.07616733078249
