feature,importance,std
mileage_num,602.9598953045127,93.08731500918844
year_num,493.8238857076196,77.46488331854117
state,476.81040800214197,51.6283168671337
vehicle_age,363.7967684128782,66.13356948469033
zip_code,233.83094457064226,30.298095972038347
city,199.08561569001003,20.030416396028603
make,147.0051221779485,35.05133558204366
color,73.46704257550519,13.506975497187888
model,60.17618178367629,17.54471949615116
transmission,16.228496609978446,36.22864383213283
