feature,importance,std
vehicle_age,263.54582004378926,34.65411670630972
year_num,243.73251366976783,41.20933632251789
mileage_num,229.14233001059947,36.40940125443342
zip_code,211.66853892896833,17.332899338198946
city,110.73879095964575,19.111217771219476
make,45.8508337267469,6.830819997483804
color,34.967721955489104,11.858022871300369
state,23.827197347088894,8.842788004489115
model,5.04537481456664,2.104361467917046
transmission,1.1489397586456107,2.630592493310634
