feature,importance,std
vehicle_age,579.1879481972547,92.4101931272775
year_num,575.6820546535866,82.56326666460927
state,501.00937018286174,65.52043091232541
mileage_num,464.40462569351087,100.63998446004456
zip_code,292.80423502528345,43.86697927942802
city,216.8010267647458,35.789827079123725
make,194.34036822152902,26.804968447585757
model,66.77211439971715,14.618721839103953
color,53.19170853901214,12.207842723124793
transmission,49.18838383664688,34.07616733078216
