feature,importance,std
vehicle_age,579.1879481972547,92.41019312727711
year_num,575.6820546535869,82.56326666460923
state,501.0093701828614,65.52043091232544
mileage_num,464.4046256935109,100.63998446004442
zip_code,292.8042350252834,43.86697927942773
city,216.80102676474553,35.7898270791234
make,194.34036822152902,26.804968447585733
model,66.77211439971725,14.618721839103891
color,53.19170853901214,12.207842723124958
transmission,49.18838383664706,34.07616733078245
