feature,importance,std
vehicle_age,579.1879481972547,92.4101931272775
year_num,575.6820546535869,82.56326666460923
state,501.0093701828616,65.52043091232542
mileage_num,464.40462569351064,100.63998446004447
zip_code,292.80423502528356,43.86697927942789
city,216.80102676474553,35.78982707912357
make,194.34036822152893,26.80496844758572
model,66.77211439971725,14.618721839103808
color,53.191708539012055,12.207842723125015
transmission,49.18838383664679,34.0761673307824
