feature,importance,std
vehicle_age,579.1879481972547,92.410193127277
year_num,575.6820546535866,82.56326666460927
state,501.0093701828616,65.52043091232542
mileage_num,464.40462569351087,100.63998446004456
zip_code,292.80423502528356,43.86697927942808
city,216.80102676474561,35.78982707912365
make,194.34036822152893,26.804968447585576
model,66.77211439971707,14.618721839103992
color,53.19170853901196,12.207842723124937
transmission,49.18838383664725,34.076167330782575
