feature,importance,std
mileage_num,555.5334658264686,84.51243707189985
vehicle_age,395.08586616147113,41.49893512066807
year_num,364.1646785582423,35.26223852867985
zip_code,271.7573478168489,59.73576436367011
city,259.6501589660339,34.03577422766596
make,82.32474347433227,38.34708570322605
state,59.95834482616501,17.48849462064391
model,46.41745225523373,19.08695255277001
color,39.48708676141496,19.077212634813982
transmission,12.688371299621576,19.45107143949857
