feature,importance,std
vehicle_age,356.19068403161236,27.5796774294554
year_num,345.0370376821751,24.585279189786057
mileage_num,319.0771360913212,38.82563417251301
zip_code,276.65299412928897,25.111668031277215
city,180.58883521414063,28.938499404081192
make,68.1882416293237,13.497559576534854
color,54.012054476615596,12.338693194776264
transmission,33.64366615011013,14.456596264734692
state,28.64049324216476,8.390614804356405
model,19.615211818534316,4.664472171142949
