feature,importance,std
mileage_num,726.6034565925466,205.87004027889643
vehicle_age,606.9346765275318,46.083101217357985
year_num,571.2793259573227,38.15905041412585
zip_code,277.19711270758455,79.2355572988379
city,277.09957291448865,66.54294747250933
make,108.71717150497561,35.91619402869765
state,101.22246549783513,38.65772925640225
color,85.40020561592446,20.164024933233428
transmission,70.63577456760477,56.85582213473643
model,63.4402308532799,21.335326455022162
