feature,importance,std
vehicle_age,450.2101638292361,45.42661767656959
mileage_num,448.326799514529,75.65913456182257
year_num,370.9615750521149,29.081315525908362
zip_code,273.1659705153569,27.795397237677715
city,194.0511463748109,17.547474487149557
make,84.45566758109116,30.705977417387796
state,67.41046030650223,18.056207749901095
model,51.76079680497132,23.632987885174543
color,50.04382495395839,10.915306326070032
transmission,16.357122426710248,7.550157113502152
