feature,importance,std
mileage_num,330.69441866634236,36.53705864363571
vehicle_age,317.20887027500964,39.381087730093164
year_num,266.20718180211327,24.659476600089707
zip_code,200.1875561554938,23.789903193513226
city,171.65581867348018,22.727269030486344
make,83.82667570172597,16.106068835214078
color,60.91289106819013,13.21328442881777
state,31.00601574462471,15.830759781667817
model,27.670635835470783,10.294548255341429
transmission,5.99663353484384,38.44519580532995
