feature,importance,std
mileage_num,262.5191017058958,61.141324527049846
year_num,231.15407852146754,43.98402544370948
vehicle_age,201.5970971735791,39.57206835845379
zip_code,149.2412880289756,25.2760747509578
city,113.33531604847822,34.003137840846605
make,41.287966986378436,13.986905259220391
color,33.20749877023036,12.517335738280575
state,31.174532758496934,14.657758222232994
model,13.633272173026944,5.492879309142265
transmission,1.1014648748269793,2.4638252633132605
