feature,importance,std
vehicle_age,579.1879481972547,92.4101931272775
year_num,575.6820546535871,82.56326666460924
state,501.0093701828614,65.52043091232544
mileage_num,464.40462569351104,100.63998446004472
zip_code,292.80423502528345,43.86697927942774
city,216.80102676474561,35.78982707912342
make,194.34036822152902,26.804968447585733
model,66.77211439971725,14.618721839103891
color,53.1917085390116,12.20784272312509
transmission,49.18838383664688,34.07616733078239
