feature,importance,std
mileage_num,503.64377638999395,60.09156506275724
vehicle_age,353.1605568020774,49.449965630634615
year_num,322.05943583847727,41.250797390391625
zip_code,265.93378445020744,36.030130302403336
city,207.8863165670874,25.7127593181052
make,148.6461283188367,28.53569645471323
state,71.20198777479463,14.59811634612952
model,46.87551647708797,11.5103305725158
color,40.68666754314936,26.837615853494047
transmission,22.911272939598895,26.45793108874939
