feature,importance,std
vehicle_age,579.1879481972549,92.41019312727693
year_num,575.6820546535871,82.56326666460924
state,501.0093701828614,65.52043091232544
mileage_num,464.40462569351087,100.63998446004463
zip_code,292.8042350252837,43.86697927942785
city,216.8010267647457,35.78982707912356
make,194.34036822152893,26.80496844758584
model,66.77211439971734,14.618721839103976
color,53.19170853901196,12.207842723124926
transmission,49.18838383664679,34.076167330782276
