feature,importance,std
mileage_num,464.92785355302806,59.76698423549702
vehicle_age,405.48734877565795,61.99074990516992
year_num,373.6953739314611,49.316715969693
zip_code,267.6151338423994,44.869864944539444
city,207.36864931561814,30.71972322745958
make,105.87275816307792,19.446316891945774
state,65.84073565348254,28.310906784585768
color,56.61801892872809,15.814927087135047
model,42.723045720946445,12.259316761208897
transmission,-7.0299293552458035,3.8859520554819413
