feature,importance,std
mileage_num,990.1988549608134,154.43637115035182
year_num,628.4127301468204,96.44256172450626
vehicle_age,600.0383317033138,108.83408270097026
city,325.1607602869693,76.48494761115627
zip_code,285.0687374834373,61.44075460313314
make,204.74103119932732,39.89319344259088
state,124.64214617072521,12.906540843486468
color,78.50519057078218,32.973303361818004
model,73.70645159184332,47.271878539682845
transmission,68.37659375232906,26.823051039917434
