feature,importance,std
transmission,180.92816806898372,54.401706490139816
mileage_num,156.04009759151023,96.15226912478956
state,123.93533621273755,43.87233201610791
make,111.97924583161357,42.218981589165274
zip_code,103.37945460639939,69.30619357792351
model,102.50498941611431,51.69560627723512
city,100.80657710901741,66.81275887503101
color,67.4428232825413,20.89521689754995
year_num,47.30038724994556,92.45347314275192
vehicle_age,44.87530586254661,97.86476967542923
