feature,importance,std
vehicle_age,579.1879481972549,92.41019312727738
year_num,575.6820546535871,82.56326666460897
state,501.0093701828616,65.52043091232542
mileage_num,464.4046256935106,100.63998446004439
zip_code,292.80423502528373,43.86697927942792
city,216.80102676474561,35.78982707912351
make,194.34036822152893,26.80496844758572
model,66.77211439971715,14.618721839103944
color,53.19170853901178,12.207842723124926
transmission,49.18838383664679,34.076167330782276
