feature,importance,std
mileage_num,602.9598953045108,93.08731500918873
year_num,493.82388570761776,77.46488331854118
state,476.81040800214015,51.6283168671337
vehicle_age,363.7967684128762,66.13356948469043
zip_code,233.83094457064053,30.29809597203813
city,199.08561569000796,20.03041639602875
make,147.00512217794676,35.051335582043514
color,73.46704257550346,13.506975497187847
model,60.17618178367466,17.544719496151394
transmission,16.228496609976627,36.22864383213305
