feature,importance,std
mileage_num,607.0937034352306,95.32009714187238
vehicle_age,558.6887630437996,109.87800907444263
year_num,517.7554947937782,107.78433386378778
make,181.56428860557736,55.34502255375857
zip_code,156.19035772002553,64.66941428509253
city,153.53451259688717,73.14342713677796
color,73.06265692231136,28.75009057425743
transmission,59.46059711595463,18.979073956820482
state,34.604423794928515,111.78400577558729
model,32.860140699790826,27.074710344968935
