feature,importance,std
vehicle_age,391.72260078373426,63.7178665945285
mileage_num,384.27168335742255,45.343770306223554
year_num,371.94951842960415,55.461359318289944
zip_code,204.77351764153454,37.78234401777598
state,161.07733954850283,66.94935504403577
city,151.64126258014312,29.118591761606773
make,112.334331033346,47.42135917210118
transmission,80.84145351095076,38.24071180057303
model,74.08574788566648,24.246598612781128
color,68.80866180919493,16.13717733853374
