feature,importance,std
mileage_num,437.6599933016636,149.89998004250646
vehicle_age,351.23549052307936,80.54638046946668
zip_code,254.46880905320376,65.16167373615244
year_num,198.98394951083372,62.69519207156074
city,177.1508225922702,45.07746938256937
make,154.61100135129465,28.92722688918111
transmission,58.393572952011525,47.35066087683698
model,49.104701476584886,21.084398369118112
color,47.023907825548214,23.375800887226735
state,10.691729551763183,95.01815891486163
