feature,importance,std
year_num,280.55889491432555,29.734763183007132
zip_code,246.5377767751582,27.104768147363234
vehicle_age,223.20630979744857,21.53047577796213
mileage_num,209.38305717709028,33.953163915920996
city,168.0113909785392,26.24679372838952
make,66.49832382425711,16.577297825742733
color,48.680557508275434,13.17194646530533
state,33.378165442584034,20.347801077707068
model,21.533178390047215,8.622545956465881
transmission,-2.3540120661931723,8.038960356982527
