feature,importance,std
mileage_num,468.44489321325534,88.52755718406301
vehicle_age,396.6920896995648,44.43604471940387
year_num,389.78060013310886,43.257331656900504
zip_code,222.8110801300707,48.66367219472113
city,172.53293956174156,36.96887565561062
make,94.54183228611456,29.736820805424582
state,65.21894427605193,26.238056320199224
color,52.33571861824548,10.589694880356646
model,39.17095144717787,11.086596658064952
transmission,15.02344218561675,7.478593125938294
