feature,importance,std
vehicle_age,579.1879481972547,92.4101931272775
year_num,575.6820546535869,82.56326666460923
state,501.0093701828613,65.52043091232558
mileage_num,464.4046256935106,100.6399844600446
zip_code,292.80423502528345,43.86697927942803
city,216.8010267647457,35.789827079123675
make,194.34036822152893,26.804968447585814
model,66.77211439971715,14.618721839103866
color,53.19170853901187,12.207842723124847
transmission,49.18838383664679,34.0761673307821
