feature,importance,std
mileage_num,1923.8326696312542,2938.7029443380666
make,297.2792831371224,454.10160583936033
transmission,262.20147321591503,400.5193661136251
color,82.780880457477,126.44988359716282
model,-1.8189894035458565e-12,0.0
zip_code,-2.1827872842550277e-12,7.275957614183426e-13
vehicle_age,-18.39634369268606,28.10087916071553
year_num,-24.247110237933338,37.03807268308702
city,-56.90122845778624,86.9180621812571
state,-2025.289179967202,3093.6803237915788
