feature,importance,std
vehicle_age,579.1879481972545,92.41019312727722
year_num,575.6820546535866,82.56326666460927
state,501.0093701828616,65.52043091232542
mileage_num,464.40462569351064,100.63998446004449
zip_code,292.8042350252837,43.86697927942791
city,216.80102676474536,35.7898270791234
make,194.34036822152902,26.804968447585733
model,66.77211439971707,14.618721839103927
color,53.191708539012055,12.207842723124841
transmission,49.18838383664679,34.076167330782276
