feature,importance,std
vehicle_age,453.0425439587625,176.0930992752679
mileage_num,423.54565775259124,144.3567466047412
year_num,412.7595861490947,168.38027696144493
zip_code,254.7554516543634,92.1908770461693
make,250.81559068256848,53.212944438015356
city,184.51449339545943,39.820676920893845
color,65.32427100174081,26.439071476572895
transmission,59.67765131622637,58.58766059665565
model,40.7374635059572,11.75842082667435
state,-23.816722428539926,112.33934650300037
