feature,importance,std
mileage_num,537.0002674676955,86.65477210560253
vehicle_age,437.19184238671204,68.63647486028611
year_num,339.6091755132231,62.74656659488918
zip_code,264.84829011827395,41.97674970444246
state,170.88034796779493,50.870483981566515
city,169.13993710990388,26.846432001052435
make,150.95338123812454,36.599506337353326
color,74.70740073558963,17.050363520648695
model,46.041326051207854,12.116514035054518
transmission,30.2234685581554,20.29706684020373
