feature,importance,std
year_num,293.9223578866323,47.97180638995761
zip_code,246.57045975961347,46.131465948814814
mileage_num,244.44726191641203,49.19838685243438
vehicle_age,212.95175546229848,38.286763338454115
city,112.95577326683915,22.509665407768512
make,75.37232876152684,18.63476597894981
state,43.13551111301577,20.617566845334053
color,39.781619436513665,12.598972106148977
model,28.9666997848145,10.419732986541383
transmission,2.863530120487576,9.781827269586156
