feature,importance,std
mileage_num,471.721584366226,43.631301721355456
vehicle_age,443.96075641830396,41.59563720501834
year_num,426.296192600356,44.74218973673852
zip_code,250.64459182567506,35.625193108908306
city,212.24789095018497,27.05593842365312
make,106.83444271019398,15.359558056795832
state,76.32195586473782,19.96600655019066
color,59.079971285856665,12.316660926927481
model,54.21219607482608,11.402127544336505
transmission,27.624262185000315,13.74973890133135
