feature,importance,std
vehicle_age,407.3334296155088,38.46126031318679
mileage_num,396.6192838016817,43.585557160657956
year_num,386.0819357295616,33.862275174099
zip_code,338.64717323448576,39.35919345307917
state,258.57079304388344,59.02867739017717
city,215.7131160802096,23.84822137039695
make,145.2551489716907,30.798667760209856
model,75.25074257671194,13.231038110755344
color,63.93084054297187,12.440221834808307
transmission,43.48553037364618,25.981413857613244
