feature,importance,std
vehicle_age,579.1879481972545,92.41019312727722
year_num,575.6820546535869,82.5632666646093
state,501.0093701828614,65.52043091232544
mileage_num,464.40462569351075,100.63998446004466
zip_code,292.8042350252837,43.866979279428044
city,216.8010267647458,35.789827079123526
make,194.34036822152902,26.804968447585733
model,66.77211439971707,14.618721839104078
color,53.19170853901214,12.20784272312508
transmission,49.1883838366467,34.07616733078233
