feature,importance,std
vehicle_age,579.1879481972547,92.4101931272775
year_num,575.6820546535871,82.56326666460924
state,501.0093701828614,65.52043091232544
mileage_num,464.40462569351087,100.63998446004456
zip_code,292.80423502528373,43.86697927942805
city,216.8010267647457,35.78982707912356
make,194.34036822152902,26.804968447585733
model,66.77211439971715,14.618721839103944
color,53.191708539012055,12.207842723125106
transmission,49.18838383664688,34.07616733078222
