feature,importance,std
mileage_num,602.9598953045127,93.08731500918861
year_num,493.8238857076197,77.46488331854125
state,476.81040800214214,51.628316867133464
vehicle_age,363.79676841287784,66.13356948469037
zip_code,233.83094457064243,30.29809597203804
city,199.08561569000994,20.0304163960286
make,147.00512217794866,35.051335582043485
color,73.46704257550536,13.506975497187877
model,60.1761817836762,17.5447194961515
transmission,16.228496609978173,36.22864383213299
