feature,importance,std
mileage_num,495.02377051578867,61.412016494107334
year_num,474.3372792593176,22.728243677782412
vehicle_age,417.2783276448229,27.264789478576667
zip_code,244.2728851017966,53.50276449638574
city,205.42073023683898,48.610051792738055
state,153.01669418178426,24.35256228890741
make,141.5814703632086,26.56034525898713
color,52.55287658460711,13.079807194291865
model,45.26115716315417,9.757438586132608
transmission,26.330506992649042,10.428103545261948
