feature,importance,std
vehicle_age,484.6270861543876,50.073366124292036
mileage_num,450.79570552420455,82.53688692954982
year_num,420.29351210697996,45.050680012329096
zip_code,301.68272314615524,45.39746152180231
city,218.014033455581,35.2098477765631
make,117.09057086725834,17.779137186879247
state,67.32653576342736,17.819585807540474
color,55.12138689402627,8.39019060735537
model,50.79648067167291,13.612208087817244
transmission,3.93091860612567,10.194077664818312
