feature,importance,std
mileage_num,602.959895304511,93.08731500918857
year_num,493.8238857076176,77.46488331854108
state,476.8104080021402,51.62831686713357
vehicle_age,363.7967684128762,66.13356948469023
zip_code,233.8309445706406,30.29809597203812
city,199.08561569000804,20.03041639602875
make,147.00512217794676,35.051335582043514
color,73.46704257550364,13.506975497188103
model,60.17618178367475,17.544719496151327
transmission,16.228496609976354,36.2286438321329
