feature,importance,std
state,787.9563966323752,89.53605903295089
mileage_num,524.237580500632,53.78437327906941
vehicle_age,400.59149001957775,43.84875824947273
year_num,397.0249148561089,40.773020002643285
zip_code,203.66829440876154,40.96906701374403
city,186.514085235981,33.893931454451625
make,125.76331912403057,28.809511890383316
transmission,96.0620313429049,30.139776561087963
model,53.99522177630988,24.92207515445143
color,38.04472240162304,15.34862447928587
