feature,importance,std
mileage_num,602.9598953045127,93.08731500918846
year_num,493.8238857076197,77.46488331854104
state,476.810408002142,51.6283168671336
vehicle_age,363.7967684128781,66.13356948469038
zip_code,233.83094457064234,30.298095972038265
city,199.08561569000986,20.030416396028663
make,147.00512217794858,35.051335582043514
color,73.46704257550536,13.506975497187806
model,60.17618178367657,17.544719496151433
transmission,16.228496609978357,36.22864383213299
