feature,importance,std
mileage_num,602.959895304511,93.08731500918857
year_num,493.82388570761776,77.46488331854096
state,476.81040800214015,51.6283168671337
vehicle_age,363.7967684128763,66.13356948469027
zip_code,233.83094457064072,30.29809597203803
city,199.08561569000804,20.0304163960286
make,147.00512217794676,35.05133558204355
color,73.46704257550327,13.506975497187643
model,60.17618178367475,17.544719496151405
transmission,16.228496609976265,36.228643832133066
