feature,importance,std
mileage_num,373.3934283949064,59.589579421333674
vehicle_age,331.6065161085902,53.346334349215226
year_num,317.03698026026296,53.802213435788886
zip_code,223.63420993574636,27.541514172068123
city,158.84679393573725,25.46892880463903
make,100.43270402571416,17.149796006741397
color,55.24119451713686,20.13410319656465
model,35.064841796192376,8.80521400551069
state,19.65858021824106,14.014426661004583
transmission,8.041806037790684,19.783978583576555
