feature,importance,std
mileage_num,449.99881264278355,56.278066441028336
year_num,423.46068274391064,78.95638772671708
vehicle_age,383.8242626835916,69.44868855462306
zip_code,289.61056234515706,45.992533547206534
city,207.06024360958463,30.795545284710524
state,127.33596082355061,28.8089731145507
make,115.269335328941,20.120978176481884
model,50.39145805584394,13.30727914093711
color,39.66602680082815,7.948779352629866
transmission,21.85501737663244,10.741886553135311
