feature,importance,std
vehicle_age,362.34984909571506,57.54919729314645
mileage_num,357.171242892576,87.31164754541314
year_num,303.7728922322605,51.954836589792784
zip_code,176.16193698049065,66.35728169428238
state,174.99455548324485,61.942748157917435
city,116.57972709972182,34.4147953229721
color,111.17197923726044,23.132812695125825
make,93.4927062800778,38.33922607106003
transmission,86.91440867454067,53.96504261878856
model,84.66000245206351,23.233357790330043
