feature,importance,std
vehicle_age,402.0436771126385,43.086865302415404
mileage_num,397.28452119472985,67.50722239321617
year_num,282.5968340807223,32.2636284584778
zip_code,222.5615853305315,37.54731292290913
city,166.693068828634,23.913523137551444
state,101.14709978202299,20.220927957522754
make,85.02071885699634,20.21665277439275
color,52.279522563623594,15.423825134924597
model,47.79219280671587,14.44632296533269
transmission,37.13098244838702,18.01683120685283
