feature,importance,std
mileage_num,499.06628791852347,82.13811756047092
vehicle_age,418.0537292579902,42.90603557186683
year_num,372.6985434203058,38.755558796911245
zip_code,304.9254353090999,63.66524871299287
city,207.84119110685205,34.6898188953079
make,82.4578617535849,19.30175748484328
state,67.22053439560705,17.601015268944593
color,55.19338186975547,16.152220959460937
model,44.46412624768882,13.212082139238998
transmission,-5.924467754458874,6.351315308614578
