feature,importance,std
vehicle_age,579.1879481972547,92.4101931272775
year_num,575.6820546535871,82.56326666460924
state,501.00937018286186,65.5204309123253
mileage_num,464.4046256935106,100.6399844600445
zip_code,292.80423502528356,43.86697927942818
city,216.8010267647458,35.789827079123256
make,194.34036822152885,26.804968447585797
model,66.77211439971707,14.61872183910396
color,53.191708539011685,12.207842723125063
transmission,49.18838383664679,34.07616733078213
