feature,importance,std
vehicle_age,238.1150772115383,32.570419427717916
year_num,229.96657470986392,35.26283985093032
mileage_num,229.09810306433928,50.00101115076518
zip_code,199.80510000002997,17.936893901217864
city,181.99704565369257,16.394564552587582
make,83.54334756465232,14.528981249940587
state,37.93039484488436,20.260698747796297
color,33.474716156521936,7.912826375511117
model,22.246773748093165,4.904018227309881
transmission,7.218684535073225,2.6728169885538944
