feature,importance,std
mileage_num,407.7501076159045,172.0626935198598
year_num,198.4255270114404,87.44954298378731
vehicle_age,184.5503511586484,70.55055638503667
zip_code,164.60947058544062,42.392823262234245
city,92.8160113482797,30.05501404901867
state,81.68451114412237,114.36536301356665
make,64.72895148889066,21.158877367131712
model,30.65944184558275,20.329839297847016
color,22.887935549465784,36.80495155130695
transmission,-49.89850614430452,62.80299212139806
