feature,importance,std
mileage_num,490.3189883120684,107.50392340850311
vehicle_age,489.86209077418243,47.280764551527284
year_num,386.75323838506745,42.4093265276634
zip_code,222.74194484491227,39.209014396596906
city,134.76511241994632,37.94167035849402
make,115.82986914736303,28.507279809400355
state,81.40361810900022,22.766688353271125
color,42.61112507734906,11.535351127074113
model,29.07916079318047,8.359254860411664
transmission,12.969741318942306,13.036131945274887
