feature,importance,std
year_num,248.72492886617675,21.494878757834933
mileage_num,212.1507339395649,26.361934445636184
vehicle_age,207.85103957616758,18.75459000885761
zip_code,170.2677908368176,21.594532687870814
city,117.2829861605278,18.07828239026608
make,42.42413370974873,7.6287705190046555
color,30.000813831032794,10.189556028934971
state,20.639968308668358,5.6879696919414755
model,6.641680124404138,1.5613842093184553
transmission,3.8491502686300008,2.377016514685545
