feature,importance,std
vehicle_age,486.198379230872,42.506330483127186
year_num,451.4565078125703,42.90835352043563
mileage_num,449.612895931981,80.67534590491312
zip_code,255.82212562946432,28.572112394921444
city,207.14998771275333,28.55568338550053
make,95.45001816603227,36.88700189819799
state,79.96615242028011,21.665343206465078
model,38.27494291435314,9.462590936289812
color,37.78689434558437,16.894216007460447
transmission,10.92306778073771,13.295716274222297
