feature,importance,std
mileage_num,448.1690715285551,60.42280864572808
vehicle_age,343.65678583249803,65.81408451178717
year_num,325.8621636040597,65.76427413020063
zip_code,241.3484304684751,37.97967808916859
city,174.50362491066636,25.346048271540297
make,105.49714334884266,24.647318931522573
state,64.76454189054539,42.47821963520137
model,53.32352842464534,10.50844713356119
color,45.371619574997474,6.955855504896664
transmission,-4.658323085390293,6.87870489315584
