feature,importance,std
year_num,339.912113011565,75.57650749183998
mileage_num,306.68626004691566,60.12137984590074
vehicle_age,284.7400042698716,63.7151557565358
zip_code,200.27009210001907,26.27560323472599
city,139.47280893049373,34.505377267648605
make,101.04976794132236,25.950645486084493
state,53.95774027253583,13.98458357724546
color,50.91408280023579,13.548158374938502
model,36.69079302279433,7.329692151238549
transmission,6.341424668443596,9.345230863165092
