feature,importance,std
mileage_num,563.202040081546,66.19859191257154
year_num,385.4757222773836,62.069862915624704
vehicle_age,308.1639695307516,57.22645488070508
zip_code,183.33137129974403,34.69058439587312
city,128.41369782170068,53.21414901910048
state,106.34099874881849,78.66109316534545
make,92.45025950905828,28.421447003663097
transmission,60.097357996706066,44.031398630650905
model,40.82925104757724,14.219251208812054
color,40.37433916225409,24.789771239191563
