feature,importance,std
vehicle_age,579.1879481972545,92.41019312727722
year_num,575.6820546535871,82.56326666460924
state,501.0093701828614,65.52043091232544
mileage_num,464.40462569351087,100.63998446004456
zip_code,292.80423502528356,43.86697927942786
city,216.8010267647458,35.78982707912345
make,194.34036822152902,26.804968447585733
model,66.77211439971707,14.618721839104222
color,53.191708539011685,12.207842723125024
transmission,49.18838383664725,34.0761673307823
