feature,importance,std
vehicle_age,445.70607398360505,57.32968172291361
mileage_num,436.5037380721683,63.917492431549114
year_num,390.2097582814812,51.391234081474344
zip_code,246.94966370489163,43.823871504216044
city,170.02810249552414,25.42341198606513
make,115.87708800469309,31.110059668107702
state,72.07953370738123,27.441089979012503
model,53.99541854461113,11.976756627388198
color,52.44486811695524,12.216537130573055
transmission,14.69738500036301,5.3823388636627065
