feature,importance,std
vehicle_age,579.1879481972547,92.4101931272775
year_num,575.6820546535869,82.56326666460923
state,501.0093701828614,65.52043091232544
mileage_num,464.4046256935106,100.6399844600445
zip_code,292.80423502528345,43.86697927942778
city,216.8010267647458,35.789827079123484
make,194.34036822152902,26.804968447585733
model,66.77211439971725,14.618721839103891
color,53.19170853901187,12.207842723124896
transmission,49.18838383664725,34.076167330782674
