feature,importance,std
mileage_num,375.9567116269339,234.23354242452234
vehicle_age,226.10960799148688,144.7930544001038
year_num,197.50148601774436,133.20203695533036
zip_code,193.71531706197712,93.7064355471988
transmission,182.03937843402164,88.97328551276446
make,163.2405949908647,48.86028078068523
city,143.25438950641546,50.630329406327185
color,131.56252611658329,44.902933085948504
model,117.71978123462468,51.39024761341691
state,35.19680577014405,112.05561339145245
