feature,importance,std
transmission,180.92816806898372,54.401706490139816
mileage_num,156.04009759151023,96.15226912478973
state,123.93533621273745,43.87233201610785
make,111.97924583161375,42.21898158916503
zip_code,103.37945460639949,69.30619357792355
model,102.50498941611468,51.69560627723475
city,100.80657710901714,66.812758875031
color,67.44282328254121,20.895216897549968
year_num,47.30038724994556,92.45347314275209
vehicle_age,44.87530586254661,97.86476967542923
