feature,importance,std
vehicle_age,579.1879481972545,92.41019312727722
year_num,575.6820546535866,82.56326666460927
state,501.0093701828617,65.5204309123253
mileage_num,464.40462569351075,100.63998446004466
zip_code,292.80423502528356,43.86697927942786
city,216.80102676474598,35.78982707912338
make,194.34036822152885,26.80496844758556
model,66.77211439971715,14.618721839103866
color,53.19170853901187,12.207842723124896
transmission,49.1883838366467,34.07616733078233
