feature,importance,std
mileage_num,561.0139336290131,90.26234758461987
vehicle_age,492.9565404302972,69.41274469918842
year_num,465.959750358869,63.528162092144534
zip_code,272.0435168260774,66.27296112859544
city,161.09764500095133,46.977290565214155
state,111.83586160084705,30.81911118268059
make,89.24340842057282,23.113195709361634
model,56.116867511045896,11.489919540716935
color,49.86547189482244,15.392242185464655
transmission,22.923358536607065,7.061179583856868
