feature,importance,std
vehicle_age,579.1879481972545,92.41019312727722
year_num,575.6820546535871,82.56326666460924
state,501.0093701828616,65.52043091232542
mileage_num,464.40462569351064,100.63998446004449
zip_code,292.8042350252837,43.86697927942801
city,216.8010267647459,35.78982707912365
make,194.34036822152902,26.804968447585733
model,66.77211439971707,14.61872183910408
color,53.19170853901196,12.20784272312482
transmission,49.18838383664688,34.07616733078214
