feature,importance,std
mileage_num,505.58058514005216,58.67289611247197
vehicle_age,478.5398084926716,45.53398301003817
year_num,427.8557953474735,40.80796966842009
zip_code,313.4757476361136,60.893208993991735
city,190.82655392384595,45.37064953907838
make,92.56828899484599,18.50048429297541
state,62.94671645754461,18.77061794746886
model,40.371369841244814,5.521256236168005
color,40.179348055382704,14.638921542294053
transmission,17.634555031192576,6.154642424245641
