feature,importance,std
vehicle_age,579.1879481972547,92.4101931272775
year_num,575.6820546535869,82.56326666460923
state,501.0093701828617,65.5204309123253
mileage_num,464.40462569351087,100.63998446004456
zip_code,292.8042350252837,43.86697927942801
city,216.8010267647459,35.789827079123604
make,194.34036822152893,26.80496844758572
model,66.77211439971715,14.618721839103953
color,53.19170853901196,12.207842723124967
transmission,49.18838383664706,34.076167330782205
