feature,importance,std
mileage_num,602.9598953045129,93.08731500918842
year_num,493.8238857076195,77.46488331854108
state,476.810408002142,51.62831686713357
vehicle_age,363.7967684128783,66.13356948469043
zip_code,233.83094457064243,30.29809597203812
city,199.08561569000977,20.03041639602875
make,147.0051221779485,35.0513355820435
color,73.46704257550527,13.506975497187847
model,60.17618178367657,17.544719496151433
transmission,16.228496609978084,36.228643832133066
