feature,importance,std
mileage_num,602.9598953045108,93.08731500918846
year_num,493.82388570761776,77.46488331854117
state,476.81040800214015,51.6283168671337
vehicle_age,363.7967684128761,66.13356948469034
zip_code,233.83094457064072,30.29809597203803
city,199.0856156900083,20.03041639602865
make,147.00512217794667,35.0513355820435
color,73.46704257550354,13.506975497188025
model,60.176181783674565,17.544719496151394
transmission,16.228496609976446,36.228643832133066
