feature,importance,std
mileage_num,498.4190734523936,87.64151317652365
year_num,457.9572627405305,55.4933726848962
vehicle_age,424.15945221334476,51.07326936845492
zip_code,262.4729387429159,75.01243303702759
city,181.29828351888864,31.005886141936045
make,91.23795607308921,20.209377668631095
state,71.60412315655967,23.280233871260616
model,53.75579323217217,18.39733873179477
color,52.748510306143906,8.115202425630807
transmission,-0.5046819969647004,3.982033102081793
