feature,importance,std
vehicle_age,579.1879481972549,92.41019312727738
year_num,575.6820546535866,82.56326666460927
state,501.0093701828613,65.52043091232558
mileage_num,464.40462569351087,100.63998446004456
zip_code,292.8042350252837,43.86697927942785
city,216.8010267647457,35.789827079123455
make,194.34036822152893,26.80496844758572
model,66.77211439971715,14.618721839103944
color,53.191708539011685,12.20784272312502
transmission,49.18838383664688,34.07616733078214
