feature,importance,std
mileage_num,392.7607735794787,55.410844719889965
vehicle_age,383.6947728824527,66.7815494350876
year_num,383.358570649268,66.1546959765877
zip_code,145.70563504966623,96.42782526948669
transmission,124.4419740312047,26.472323316318626
city,121.15060975799288,60.11725407734339
make,114.85776129848891,29.997906243212483
color,60.44449159147344,17.021346889570932
model,33.650869494442304,17.332375731897027
state,15.322875074361672,82.57489509229508
