feature,importance,std
mileage_num,977.0462751994122,127.04882587945744
year_num,514.0719240461864,82.75255323806864
vehicle_age,497.24639914162253,96.22054300073388
zip_code,237.09834460052588,44.889745389495104
city,226.55837599773093,38.12729305437585
make,172.5397900098438,54.210390808170274
state,110.53681324465288,75.5554694163662
transmission,50.68931730239656,61.09511615815694
model,47.84003513894386,18.42431003488083
color,33.12038538918587,19.304043807927673
