feature,importance,std
state,787.9563966323752,89.53605903295089
mileage_num,524.2375805006325,53.784373279069484
vehicle_age,400.59149001957775,43.84875824947273
year_num,397.0249148561088,40.77302000264315
zip_code,203.66829440876162,40.9690670137441
city,186.5140852359812,33.89393145445134
make,125.76331912403057,28.8095118903835
transmission,96.0620313429049,30.139776561087817
model,53.995221776309975,24.9220751544516
color,38.04472240162304,15.348624479285956
