feature,importance,std
mileage_num,344.72855520225465,44.42201052651071
year_num,333.464722921696,62.0971450932047
vehicle_age,317.72222542308293,53.762663769042824
zip_code,249.7909688576029,40.571221242051244
city,154.2560274616476,31.185468642218
make,114.58402153814113,24.48650030538737
color,47.258172390069376,9.063221908986632
state,43.85901970367813,15.709840931585472
model,39.5366056990304,8.425907981793737
transmission,23.77661384815474,26.564182707635158
