feature,importance,std
mileage_num,602.959895304511,93.0873150091883
year_num,493.8238857076179,77.46488331854104
state,476.81040800214015,51.628316867133634
vehicle_age,363.796768412876,66.13356948469061
zip_code,233.83094457064044,30.29809597203845
city,199.08561569000813,20.0304163960286
make,147.00512217794667,35.05133558204366
color,73.46704257550346,13.506975497187847
model,60.17618178367475,17.544719496151433
transmission,16.22849660997654,36.22864383213313
