feature,importance,std
mileage_num,483.9243757685498,87.17360810167443
vehicle_age,404.4262207060709,44.052769952446916
year_num,398.8286123976494,49.181666779692
zip_code,282.0193805735683,69.82795852338354
city,209.811647850815,41.48380551666526
make,94.71255986020779,30.48971544886264
state,85.05635519840735,22.123754590929284
color,53.595459352932814,15.479651308189887
model,44.41075255029246,10.945450098702006
transmission,13.421666757355524,19.7740917817611
