feature,importance,std
mileage_num,602.9598953045127,93.08731500918873
year_num,493.8238857076196,77.46488331854117
state,476.81040800214197,51.6283168671337
vehicle_age,363.7967684128781,66.13356948469006
zip_code,233.83094457064234,30.29809597203847
city,199.08561569000994,20.0304163960286
make,147.00512217794858,35.051335582043514
color,73.46704257550519,13.506975497187888
model,60.176181783676476,17.544719496151373
transmission,16.228496609978173,36.22864383213295
