feature,importance,std
vehicle_age,579.1879481972547,92.4101931272775
year_num,575.6820546535869,82.56326666460923
state,501.0093701828613,65.52043091232558
mileage_num,464.40462569351087,100.63998446004456
zip_code,292.80423502528345,43.86697927942773
city,216.8010267647459,35.78982707912341
make,194.34036822152893,26.80496844758572
model,66.77211439971734,14.618721839104023
color,53.19170853901196,12.207842723125058
transmission,49.18838383664679,34.0761673307821
