feature,importance,std
mileage_num,375.9567116269337,234.23354242452254
vehicle_age,226.10960799148688,144.7930544001038
year_num,197.50148601774436,133.2020369553304
zip_code,193.7153170619773,93.70643554719861
transmission,182.0393784340211,88.9732855127644
make,163.2405949908647,48.86028078068475
city,143.25438950641546,50.630329406327185
color,131.56252611658311,44.90293308594889
model,117.71978123462468,51.390247613417216
state,35.19680577014369,112.05561339145245
