feature,importance,std
mileage_num,460.6792935614023,89.95876722242465
year_num,339.85580150108916,69.07016910461886
vehicle_age,288.0476704185756,66.44896539344569
zip_code,253.76483928191993,35.90591319993527
city,140.565003305379,50.25774890800657
make,59.08546216406048,24.450091408336622
state,54.87578552175337,23.680972186933733
color,46.95859821215545,15.90064172539788
model,25.702621296888992,6.360899606040391
transmission,0.9180540197974552,4.95801647568264
