feature,importance,std
vehicle_age,263.04331692181603,20.796574661850705
year_num,259.2290954071597,21.57219710758095
zip_code,215.61538014663984,34.04651880979502
mileage_num,206.67214378000298,33.307506527529775
city,165.06127827156425,29.524196643721673
make,62.9418070043982,15.416984577531892
state,41.792475520744304,17.22324423728451
color,40.738772234527914,8.001642674518724
model,28.241657465318347,10.658454110334768
transmission,8.514871213291917,6.888457367325942
