feature,importance,std
mileage_num,602.959895304511,93.08731500918857
year_num,493.8238857076179,77.46488331854104
state,476.81040800214015,51.6283168671337
vehicle_age,363.7967684128761,66.13356948469024
zip_code,233.8309445706406,30.29809597203804
city,199.08561569000813,20.0304163960286
make,147.00512217794676,35.051335582043514
color,73.46704257550337,13.506975497187769
model,60.17618178367466,17.5447194961513
transmission,16.228496609976627,36.22864383213287
