feature,importance,std
mileage_num,1923.8326696312542,2938.702944338067
make,297.2792831371224,454.10160583936033
transmission,262.2014732159152,400.5193661136249
color,82.78088045747737,126.449883597163
zip_code,-1.8189894035458565e-12,8.134767913360664e-13
model,-2.0008883439004423e-12,5.456968210637569e-13
vehicle_age,-18.39634369268588,28.100879160715646
year_num,-24.247110237933704,37.038072683086796
city,-56.90122845778642,86.91806218125737
state,-2025.289179967202,3093.6803237915783
