feature,importance,std
mileage_num,278.0777977038729,39.23958503946586
vehicle_age,240.134200721459,27.686380914546813
year_num,198.20092192462135,25.93724866935601
zip_code,195.46822722374435,37.898806230335516
city,176.3579073264089,37.57712576323292
make,99.60978641888487,20.156178788312292
state,53.55953539974134,24.863982058383716
color,44.89710015035744,11.48463184418195
model,44.11275711989792,10.91930355255776
transmission,-1.3543977695475404,13.66253411957081
