feature,importance,std
vehicle_age,256.57562303103276,22.193933482824026
year_num,228.52129517968532,26.73654939843876
mileage_num,221.2532311816004,34.52903943776972
zip_code,217.15127467027452,30.44096558413807
city,169.18707950557183,24.690359690228366
make,85.11863002676337,16.375688893456555
color,51.32313492320081,6.632191055738424
state,49.035213152298184,19.367323246493765
model,30.803038715545426,8.566215520918327
transmission,2.0048267515549925,6.3593276466308755
