feature,importance,std
vehicle_age,579.1879481972547,92.4101931272775
year_num,575.6820546535866,82.5632666646092
state,501.0093701828617,65.52043091232542
mileage_num,464.40462569351075,100.63998446004466
zip_code,292.8042350252834,43.86697927942773
city,216.8010267647458,35.789827079123555
make,194.34036822152893,26.804968447585814
model,66.77211439971707,14.618721839104078
color,53.19170853901223,12.20784272312518
transmission,49.18838383664688,34.07616733078229
