feature,importance,std
vehicle_age,579.1879481972545,92.41019312727722
year_num,575.6820546535869,82.56326666460923
state,501.0093701828616,65.52043091232542
mileage_num,464.4046256935109,100.63998446004453
zip_code,292.80423502528345,43.86697927942798
city,216.8010267647458,35.78982707912377
make,194.34036822152893,26.80496844758572
model,66.77211439971725,14.618721839103895
color,53.19170853901196,12.207842723124926
transmission,49.1883838366467,34.076167330782155
