feature,importance,std
vehicle_age,579.1879481972545,92.41019312727722
year_num,575.6820546535866,82.56326666460927
state,501.0093701828616,65.52043091232542
mileage_num,464.40462569351075,100.63998446004466
zip_code,292.80423502528356,43.86697927942817
city,216.8010267647459,35.78982707912339
make,194.34036822152893,26.80496844758572
model,66.77211439971734,14.618721839103832
color,53.191708539012055,12.207842723124937
transmission,49.18838383664688,34.07616733078205
