feature,importance,std
mileage_num,537.0002674676955,86.65477210560253
vehicle_age,437.19184238671187,68.63647486028613
year_num,339.6091755132229,62.74656659488894
zip_code,264.84829011827367,41.976749704442724
state,170.8803479677951,50.8704839815667
city,169.13993710990408,26.84643200105239
make,150.95338123812445,36.599506337353255
color,74.70740073558963,17.050363520648695
model,46.041326051207854,12.116514035054518
transmission,30.22346855815558,20.297066840203613
