feature,importance,std
mileage_num,501.25125570389736,53.966070278778226
year_num,411.54500621591967,31.444760889087036
vehicle_age,400.52484185724796,33.24212335099235
zip_code,269.96842574286836,34.0966673301522
city,162.7823756177191,29.8931085620002
state,101.86529918819232,23.737609425115753
make,79.92080301830256,27.462581648357663
color,47.37882563657858,11.88863227685491
model,46.201294756813425,14.215410339408868
transmission,19.46947927304209,13.626538138170163
