feature,importance,std
vehicle_age,523.3829088820731,46.04280139766038
year_num,465.9754413620226,42.49208779310653
mileage_num,448.2928675361644,69.99275174246499
zip_code,262.57292600698656,39.18685502968499
city,228.04114343773864,23.075851976816626
make,111.38290654047314,31.161910198103097
state,91.6013076845883,18.327439767750377
color,50.111521042361254,12.981595357635369
model,47.06513551802054,10.67090871193231
transmission,12.505413676392527,10.4971258211005
