feature,importance,std
state,787.9563966323752,89.53605903295089
mileage_num,524.2375805006322,53.78437327906932
vehicle_age,400.59149001957775,43.84875824947273
year_num,397.0249148561088,40.77302000264316
zip_code,203.66829440876162,40.9690670137441
city,186.514085235981,33.89393145445138
make,125.76331912403057,28.8095118903835
transmission,96.06203134290499,30.139776561087796
model,53.99522177630988,24.92207515445157
color,38.04472240162313,15.34862447928606
