feature,importance,std
vehicle_age,487.47600690921945,37.693177866633526
mileage_num,425.84982221050984,43.136667887641394
year_num,383.5142933387854,26.973591823812825
zip_code,264.8909053835279,15.4137856162971
city,204.11691087305272,23.992054135810257
make,119.12304079177284,32.15612498964701
state,100.72720346752939,27.380091773400864
color,59.36625882993803,21.475128625463462
model,43.47467427320917,10.70616679569891
transmission,13.473010852004517,4.087741698379993
