feature,importance,std
zip_code,341.0337644051002,61.0542546594814
city,267.6703861136334,37.809467296399006
year_num,255.70491944567613,61.618666435175506
state,207.50601411111091,59.083218298116094
vehicle_age,197.61553391295774,53.685895429011936
mileage_num,190.58754981947112,69.477092364671
make,172.60901206932948,23.231058124260883
color,58.071015700153566,18.770586908684777
model,49.09434851871665,15.607682537623496
transmission,-28.629474715574087,17.710854147027415
