feature,importance,std
zip_code,237.0297177738461,33.983617923236686
mileage_num,233.7674037742785,27.059034335274195
year_num,231.8503716786925,26.57469603028602
vehicle_age,229.22627064858406,27.953780268814644
city,146.28056248909007,21.08920698390026
make,66.35075845348373,13.316300431254946
color,35.130521440990925,10.168279318327652
state,27.710813929473808,14.126066821872891
model,26.082434338404802,7.453195316841411
transmission,-0.48905529562071026,3.8651082008699906
