feature,importance,std
mileage_num,602.959895304511,93.08731500918857
year_num,493.82388570761776,77.46488331854123
state,476.81040800214015,51.6283168671337
vehicle_age,363.796768412876,66.13356948469036
zip_code,233.83094457064072,30.29809597203803
city,199.08561569000804,20.030416396028663
make,147.00512217794667,35.05133558204366
color,73.46704257550346,13.506975497187847
model,60.17618178367447,17.544719496151252
transmission,16.228496609976354,36.22864383213318
