feature,importance,std
vehicle_age,395.86595925838776,71.62322271289605
year_num,389.6969532096665,68.21732065043403
mileage_num,324.236883483813,71.49667648819472
zip_code,280.34278456778645,31.978951165885537
city,222.32363613316193,40.89153644660765
make,149.01312731661702,40.32545707129423
model,60.625041080683786,19.628752884621203
color,55.16294515798499,8.832659958142546
state,35.98659663693506,23.946479526594175
transmission,23.538996019916976,10.293492751572934
