feature,importance,std
mileage_num,234.85416102747848,20.71713508091822
vehicle_age,225.43941707304438,26.8356536561917
year_num,215.6666655770695,25.49951945600759
zip_code,200.15923650732893,21.955607275553803
city,133.65747497822832,15.07669420284684
make,54.54882390688963,9.579613894752487
color,38.0047813866091,9.389097180932705
state,30.965055495861815,10.366031421328525
model,14.840776555656703,4.168391807087836
transmission,6.882706733366922,7.673148155437576
