feature,importance,std
vehicle_age,579.1879481972545,92.41019312727722
year_num,575.6820546535869,82.56326666460923
state,501.0093701828616,65.52043091232542
mileage_num,464.4046256935109,100.63998446004453
zip_code,292.8042350252837,43.86697927942785
city,216.80102676474553,35.7898270791236
make,194.34036822152902,26.804968447585733
model,66.77211439971734,14.618721839104023
color,53.19170853901196,12.20784272312501
transmission,49.18838383664688,34.07616733078214
