feature,importance,std
mileage_num,389.8950458218984,62.98009779277856
vehicle_age,354.7888673937847,33.66904779782283
year_num,331.29896564381954,34.205705432286145
zip_code,307.22349709469853,37.56769540424074
city,207.17613305322857,23.18358789217542
state,119.26910594028914,53.2488989266612
make,114.58234134505537,25.424825795596263
model,69.32136153818946,17.081707395791213
color,66.86970449501032,10.908576812639978
transmission,57.846343422358586,13.81207520981207
