feature,importance,std
vehicle_age,460.3254727475115,35.18537645273265
mileage_num,450.9334077664751,54.451458411904085
year_num,391.6595474189391,33.113126860956996
zip_code,228.55830933616434,43.258862440446165
city,180.23595465384034,27.135031154214463
make,90.56764814727539,13.775748397968519
model,62.512353542767144,9.280175058933814
state,60.946258464742826,27.50790351246583
color,58.12540412208227,19.407633661024228
transmission,10.707937968304304,5.108314571004753
