feature,importance,std
mileage_num,495.0237705157888,61.41201649410738
year_num,474.3372792593177,22.728243677782423
vehicle_age,417.278327644823,27.264789478576585
zip_code,244.2728851017966,53.50276449638574
city,205.4207302368387,48.610051792738055
state,153.01669418178426,24.35256228890741
make,141.5814703632086,26.56034525898713
color,52.55287658460693,13.079807194291492
model,45.26115716315444,9.757438586132228
transmission,26.330506992649134,10.428103545261795
