feature,importance,std
mileage_num,1923.8326696312542,2938.702944338067
make,297.279283137122,454.1016058393605
transmission,262.20147321591486,400.5193661136252
color,82.78088045747737,126.449883597163
zip_code,-1.6370904631912709e-12,5.45696821063757e-13
model,-1.8189894035458565e-12,0.0
vehicle_age,-18.396343692685512,28.100879160715888
year_num,-24.24711023793352,37.03807268308691
city,-56.901228457786054,86.91806218125721
state,-2025.2891799672022,3093.6803237915783
