feature,importance,std
year_num,409.3050175121375,50.210619694763196
vehicle_age,404.5491301005533,51.317664884981546
mileage_num,351.93743750892946,71.65156446280415
zip_code,250.36672827049833,65.31734646147332
city,202.8146531310449,64.16570752413786
state,82.08027391098194,18.74688417709516
make,77.22879350178145,40.79255759547073
transmission,62.93860809343041,23.879728325624885
model,43.27748841134489,17.49217127586249
color,43.13270276150397,13.444594061458476
