feature,importance,std
vehicle_age,579.1879481972549,92.41019312727738
year_num,575.6820546535871,82.56326666460924
state,501.0093701828614,65.52043091232544
mileage_num,464.40462569351075,100.63998446004459
zip_code,292.8042350252834,43.86697927942797
city,216.8010267647458,35.789827079123526
make,194.34036822152893,26.80496844758572
model,66.77211439971725,14.618721839103895
color,53.191708539011685,12.20784272312502
transmission,49.1883838366467,34.076167330782155
