feature,importance,std
vehicle_age,579.1879481972549,92.41019312727781
year_num,575.6820546535871,82.56326666460897
state,501.0093701828614,65.52043091232544
mileage_num,464.40462569351064,100.63998446004449
zip_code,292.8042350252834,43.86697927942796
city,216.80102676474561,35.7898270791236
make,194.34036822152902,26.80496844758572
model,66.77211439971725,14.618721839103891
color,53.19170853901196,12.207842723124816
transmission,49.18838383664697,34.076167330782326
