feature,importance,std
vehicle_age,450.2101638292362,45.42661767656987
mileage_num,448.326799514529,75.65913456182268
year_num,370.96157505211477,29.08131552590841
zip_code,273.1659705153573,27.795397237677385
city,194.05114637481074,17.547474487149742
make,84.45566758109116,30.705977417387533
state,67.41046030650223,18.056207749901247
model,51.76079680497141,23.632987885174447
color,50.0438249539583,10.91530632606999
transmission,16.35712242671034,7.550157113502358
