feature,importance,std
vehicle_age,579.1879481972547,92.41019312727724
year_num,575.6820546535871,82.56326666460924
state,501.0093701828614,65.52043091232544
mileage_num,464.40462569351075,100.63998446004466
zip_code,292.80423502528356,43.86697927942786
city,216.80102676474553,35.78982707912357
make,194.34036822152885,26.804968447585445
model,66.77211439971707,14.61872183910408
color,53.19170853901178,12.207842723124994
transmission,49.18838383664706,34.076167330782354
