feature,importance,std
state,787.9563966323742,89.53605903295096
mileage_num,524.2375805006313,53.78437327906933
vehicle_age,400.59149001957684,43.84875824947273
year_num,397.0249148561077,40.773020002643044
zip_code,203.66829440876054,40.96906701374412
city,186.5140852359801,33.89393145445165
make,125.76331912402983,28.809511890383686
transmission,96.06203134290399,30.139776561087672
model,53.99522177630888,24.922075154451427
color,38.04472240162231,15.348624479286043
