feature,importance,std
mileage_num,602.9598953045108,93.08731500918871
year_num,493.8238857076177,77.46488331854133
state,476.8104080021402,51.62831686713357
vehicle_age,363.7967684128759,66.13356948469074
zip_code,233.83094457064072,30.29809597203803
city,199.08561569000804,20.030416396028684
make,147.00512217794667,35.0513355820438
color,73.46704257550319,13.506975497187682
model,60.17618178367447,17.54471949615123
transmission,16.228496609976446,36.22864383213288
