feature,importance,std
vehicle_age,492.96110832181085,64.72061436435199
year_num,463.4409909300249,57.71892496109309
mileage_num,358.04751152142427,82.40944414374181
zip_code,252.60026311795673,64.82698937185661
city,208.68591129617135,40.55711394113438
make,115.89855053011097,35.358213018675215
model,63.76203848114792,21.596611596678766
state,60.507365446665155,19.776205567945087
color,39.8193086184945,15.303086158132551
transmission,38.87284322540499,27.283093777966382
