feature,importance,std
mileage_num,1923.8326696312556,2938.7029443380666
make,297.2792831371242,454.10160583936033
transmission,262.20147321591685,400.5193661136251
color,82.78088045747954,126.44988359716353
zip_code,1.8189894035458566e-13,9.795557720525728e-13
model,0.0,0.0
vehicle_age,-18.396343692683693,28.100879160715888
year_num,-24.247110237932066,37.038072683087066
city,-56.901228457784235,86.91806218125721
state,-2025.2891799672004,3093.6803237915783
