feature,importance,std
mileage_num,602.9598953045108,93.08731500918846
year_num,493.82388570761776,77.46488331854117
state,476.8104080021402,51.628316867133606
vehicle_age,363.7967684128765,66.13356948469028
zip_code,233.8309445706408,30.29809597203802
city,199.08561569000813,20.0304163960286
make,147.0051221779466,35.0513355820436
color,73.46704257550327,13.506975497187643
model,60.17618178367466,17.54471949615145
transmission,16.228496609976265,36.228643832132974
