feature,importance,std
mileage_num,351.48456455910235,40.4532106728868
year_num,259.725143090629,24.45098314816067
vehicle_age,245.96919451315134,26.735947485422614
zip_code,202.83965416316187,26.88690598504405
city,180.21613356310044,43.005298176020105
make,82.38561726395201,31.726681581484264
state,53.60451007884385,18.0586143155163
color,41.990046875930055,9.020155171316215
model,36.132341601033474,6.533988316313832
transmission,-5.590030603039122,4.833175462445585
