feature,importance,std
mileage_num,385.31924049275165,59.053803204537466
vehicle_age,347.6825826090334,108.12337631890374
year_num,336.81529927841086,104.8520247901263
zip_code,205.87894611516623,54.12733889089224
make,123.70779574300141,36.04401981512705
city,117.92981447843049,43.612807001085734
state,95.74744642887462,53.93272350921546
transmission,71.00295904281765,49.1697840075974
model,42.208216845041804,21.67556059158119
color,34.114294964821966,17.785622473381043
