feature,importance,std
vehicle_age,579.1879481972547,92.4101931272775
year_num,575.6820546535866,82.56326666460927
state,501.0093701828616,65.52043091232542
mileage_num,464.40462569351087,100.63998446004456
zip_code,292.80423502528345,43.86697927942796
city,216.80102676474561,35.78982707912351
make,194.34036822152893,26.8049684475856
model,66.77211439971715,14.618721839103953
color,53.19170853901214,12.207842723124903
transmission,49.18838383664725,34.07616733078245
