feature,importance,std
mileage_num,545.2686193237457,56.15689450234697
year_num,394.6182135409007,62.00754087956091
vehicle_age,347.7877485425918,52.426281544664754
city,248.86657380638945,34.08772700954936
zip_code,217.60833180972222,40.0343350547983
make,126.68418062701494,27.175227515420932
state,99.71440019160309,27.290429851565385
color,53.41371122136316,13.685460968459518
model,41.23806548243765,9.969879439956374
transmission,-4.451116186428498,7.272086040795522
