feature,importance,std
mileage_num,579.2255902527288,65.35158219476432
vehicle_age,214.0438132592777,25.935407715262862
year_num,203.76383250879582,34.091566205443215
zip_code,144.19465250462082,47.35745242412767
make,132.30512802368358,32.40884762949577
city,115.69798877180183,40.26413990901825
state,107.91093992489814,41.40926993800441
transmission,69.81775224403373,27.443479117098533
model,68.98689462253023,24.870866521262812
color,42.99582949431706,22.47733865710862
