feature,importance,std
mileage_num,292.98681806644584,80.95814553600499
year_num,251.82923435714082,77.56596408610262
vehicle_age,226.6803036273297,76.94963401477132
zip_code,211.60998669538475,48.953713277315046
city,167.2332060684311,50.6772840987206
make,144.03765414917734,27.52752501649485
color,54.91864884135102,13.516059009376056
model,46.688574533100656,17.08372770270421
state,30.631247797725973,7.785749346848456
transmission,-12.166239190566648,25.003584952587847
