feature,importance,std
mileage_num,525.0591854905222,78.37124674870343
year_num,516.4802157786097,39.66090488398978
vehicle_age,496.6812091748046,32.04646548687309
zip_code,213.87522089406647,44.60621654385969
city,179.65706618440427,42.94217308526116
make,125.31219771176202,34.686961705621506
state,122.07553855601282,28.160946584995244
model,61.33484601483542,24.75981848120919
transmission,49.980975021624,15.85464188335101
color,43.2896198377538,10.967724609893672
