feature,importance,std
year_num,265.41258075313607,38.41862931330969
vehicle_age,260.2983947381689,41.54871174010266
mileage_num,238.36387098986523,17.830375871643273
zip_code,215.49827869719903,34.87822809237774
city,147.33873956646613,21.165804123310135
make,67.40858046342774,10.842716119024956
state,35.169400863778264,12.442650034362588
color,34.259354897853335,10.27326347971873
model,24.623719582606647,5.855535043347924
transmission,-3.156182350238123,4.183967494838159
