feature,importance,std
vehicle_age,454.9665821346257,33.23189529915698
mileage_num,449.4605721573868,49.70268965127782
year_num,410.0618371252428,31.30584342613363
zip_code,226.88869021577366,52.80779354855385
city,200.00887757861648,43.99454215493868
make,105.903600809198,21.85916089450714
state,77.6512519268983,19.441895369920022
color,54.25083707354288,9.115049491880646
model,50.164137152656984,10.846177927185408
transmission,18.600431158176434,8.322630913991993
