feature,importance,std
mileage_num,661.7618243841524,129.50283106390125
year_num,478.3621457905655,98.97398659701761
vehicle_age,435.35452850662466,89.20886649382761
zip_code,309.7549142390288,120.85494276372216
city,296.51300436716883,76.74410797923365
make,188.40781631688424,75.27104872402492
transmission,69.71876463992558,58.95349203968049
color,67.7677438051066,26.656840868227192
model,65.24691246669173,48.06851540849341
state,0.0,0.0
