feature,importance,std
vehicle_age,215.6251413295613,49.794958889838654
mileage_num,210.95663178043415,42.02063689014096
zip_code,154.13562462931685,16.583711180368393
year_num,145.15289864985107,35.51537077226666
city,129.5771025274079,17.660454483350733
make,68.8482448935094,29.489244400190376
color,39.78555765932206,10.554094483341196
state,37.136201757482375,27.849964645169823
model,27.839203407829064,9.411798944165952
transmission,-7.545429673412309,4.585401028529077
