feature,importance,std
vehicle_age,579.1879481972545,92.41019312727722
year_num,575.6820546535871,82.56326666460897
state,501.0093701828614,65.52043091232544
mileage_num,464.40462569351064,100.6399844600444
zip_code,292.8042350252837,43.86697927942791
city,216.80102676474544,35.789827079123405
make,194.34036822152893,26.8049684475856
model,66.77211439971725,14.618721839103895
color,53.19170853901196,12.207842723124967
transmission,49.18838383664706,34.07616733078224
