feature,importance,std
state,373.43319703042243,68.37619510187017
mileage_num,362.93587460321487,52.69509683333812
year_num,351.6545067832054,45.3012541923835
vehicle_age,335.26208147768847,47.909188211464915
zip_code,280.94816714307353,25.6250558168375
city,213.11105778870987,24.438832567086102
make,152.27624314265614,30.989716013092593
model,52.08803089315806,10.893019679312104
transmission,47.622638788769926,23.477648421329743
color,45.65848405787638,16.811478864559277
