feature,importance,std
year_num,335.18852114218555,68.16711031866227
vehicle_age,321.48709832078055,68.2994693088816
mileage_num,283.1380151865651,107.11191602937132
state,129.92776318223758,53.51158407316172
zip_code,116.33993755952761,48.053641119651274
city,101.40575800190064,39.64694692799387
color,80.04960639217161,21.40283823046383
make,69.93343526189828,46.57400526699394
transmission,69.08325758020919,48.234786062233674
model,67.79582572650334,14.676584176568463
