feature,importance,std
year_num,299.6000250875321,45.29639103356002
zip_code,215.0446910140209,51.70625425652076
mileage_num,209.4919905537754,60.65454227057551
vehicle_age,197.6805454437228,40.530821295162504
city,184.84118393947165,43.74216178090836
state,81.50081054561888,31.866596015813336
make,74.89325021294744,41.020568528429024
transmission,55.9468458272615,35.6753112576589
model,49.673403169849735,18.563167037081563
color,35.997429088425726,14.233298783920185
