feature,importance,std
mileage_num,375.9567116269342,234.23354242452234
vehicle_age,226.10960799148688,144.79305440010384
year_num,197.50148601774436,133.20203695533036
zip_code,193.7153170619773,93.70643554719861
transmission,182.03937843402144,88.97328551276455
make,163.2405949908647,48.86028078068475
city,143.2543895064153,50.63032940632705
color,131.56252611658365,44.90293308594856
model,117.71978123462505,51.390247613417216
state,35.19680577014405,112.05561339145245
