feature,importance,std
mileage_num,389.89504582189846,62.98009779277875
vehicle_age,354.78886739378476,33.66904779782272
year_num,331.29896564381977,34.20570543228636
zip_code,307.22349709469864,37.56769540424059
city,207.17613305322848,23.18358789217545
state,119.26910594028914,53.2488989266612
make,114.58234134505547,25.42482579559627
model,69.32136153818938,17.081707395791188
color,66.86970449500987,10.908576812639602
transmission,57.846343422358856,13.812075209811953
