feature,importance,std
vehicle_age,392.43397701989824,33.91978080334238
year_num,347.13323839428875,33.31680458397771
mileage_num,302.6611994351377,34.22095380440185
zip_code,216.93213444870125,35.27621380875698
city,216.55792420789012,43.3569429828249
make,81.3312702046549,15.164677686625705
color,45.14866974428069,18.162965765254476
state,34.614305197343946,10.133936764627867
model,19.469881032549985,6.600067746659998
transmission,14.974579499783157,11.681058553552443
