feature,importance,std
mileage_num,579.0811732833613,56.969451370834996
year_num,438.3599072295709,52.327001504051466
vehicle_age,389.2068675250929,45.96749608501521
zip_code,266.6660366121695,56.8460022345425
city,193.1587407237279,30.201416095936192
make,140.07228803159688,23.40470466101198
state,85.468953452805,27.91752466300141
model,49.68324760340456,11.755633296710833
color,44.44262202396139,10.439882629192361
transmission,23.13572228187986,13.586507012737075
