feature,importance,std
mileage_num,416.2448209143496,156.53041708656417
year_num,353.7306109420059,81.25058291617643
vehicle_age,336.5277176654864,78.41137079631899
zip_code,210.08317857590583,57.69075901562121
city,152.03660790399718,50.475987597059046
make,93.2352957600173,35.1983674683749
model,58.76708367091942,28.33397472328993
color,32.2651676224581,26.82795141651976
state,1.2598831270272968,41.33095199652346
transmission,-26.347125362326004,31.56937579928316
