feature,importance,std
mileage_num,598.162647659321,52.917869660800605
year_num,412.1403939371776,66.70416979636923
vehicle_age,363.8553092843293,62.19566627448316
zip_code,243.81537650223717,45.394050651149286
city,162.14789617165397,31.890706840319798
make,137.72585181881203,41.68125341543872
transmission,62.54978723596414,18.64762091071924
color,56.437244921147524,14.159988889765708
model,52.804278810273175,15.971380441599692
state,32.19180959636642,66.19328022592681
