feature,importance,std
vehicle_age,579.1879481972545,92.41019312727722
year_num,575.6820546535866,82.56326666460939
state,501.0093701828614,65.52043091232544
mileage_num,464.4046256935106,100.63998446004439
zip_code,292.80423502528356,43.86697927942789
city,216.80102676474561,35.78982707912345
make,194.34036822152902,26.804968447585665
model,66.77211439971725,14.618721839103891
color,53.19170853901196,12.207842723125035
transmission,49.18838383664697,34.076167330782255
