feature,importance,std
mileage_num,392.7607735794787,55.410844719889965
vehicle_age,383.69477288245264,66.78154943508773
year_num,383.35857064926785,66.15469597658748
zip_code,145.70563504966623,96.42782526948677
transmission,124.44197403120488,26.472323316318352
city,121.15060975799297,60.117254077343496
make,114.85776129848901,29.99790624321259
color,60.44449159147344,17.021346889570932
model,33.65086949444221,17.33237573189675
state,15.322875074361765,82.57489509229484
