feature,importance,std
year_num,618.4534208728702,73.85843571620877
mileage_num,540.8985392394754,54.911537379392186
vehicle_age,496.15967534563106,55.15913806174731
zip_code,301.1885338079411,45.221953177707626
city,236.03350126691367,26.899484296229648
make,106.13503928067985,20.325757757577
state,86.62091376787984,27.39435099439099
color,77.78728253467189,16.45195363264606
model,52.94537634047001,13.920954864147852
transmission,0.3962762733258387,16.27018911716373
