feature,importance,std
vehicle_age,579.1879481972547,92.4101931272775
year_num,575.6820546535866,82.56326666460927
state,501.0093701828614,65.52043091232544
mileage_num,464.4046256935109,100.63998446004453
zip_code,292.80423502528356,43.86697927942786
city,216.80102676474544,35.78982707912332
make,194.34036822152902,26.804968447585733
model,66.77211439971715,14.618721839103953
color,53.19170853901196,12.207842723125044
transmission,49.1883838366467,34.076167330782155
