feature,importance,std
mileage_num,602.9598953045136,93.08731500918847
year_num,493.8238857076206,77.46488331854104
state,476.8104080021429,51.6283168671337
vehicle_age,363.79676841287875,66.13356948469036
zip_code,233.83094457064354,30.298095972038123
city,199.08561569001085,20.0304163960286
make,147.0051221779494,35.05133558204366
color,73.4670425755061,13.506975497187888
model,60.17618178367729,17.544719496151394
transmission,16.228496609979356,36.22864383213305
