feature,importance,std
vehicle_age,281.18718415149635,32.731445738152814
year_num,247.09285975403583,30.24598063200085
mileage_num,209.1859073309338,30.151358350940463
zip_code,195.92595232173107,24.21609622873337
city,144.17725926836275,27.902405163252222
make,78.65881068433873,13.91460325062018
color,47.02545943492869,7.358273644621851
state,27.61235116957341,21.26948405572767
model,24.911178066817502,8.326651565385948
transmission,8.32805452339544,8.517689190048129
