feature,importance,std
mileage_num,582.0709512996552,63.383497143285815
year_num,426.84071831733235,38.82637390932193
vehicle_age,405.47118951692494,33.41522590760708
zip_code,252.05001471721434,67.42680873451458
city,173.94088170463982,67.23375742958235
state,93.38389210163014,19.801713406517443
make,88.85217828947506,24.97128235449056
model,52.679320292302236,11.752734092333423
color,45.71584568435501,6.063778636827527
transmission,32.16725417407124,21.516303883639914
