feature,importance,std
mileage_num,475.7181166595701,76.53747937147126
zip_code,272.0198217272997,66.41076687478629
year_num,248.3519556790814,83.16117974803315
vehicle_age,227.63437645996237,73.44415732907925
city,151.8177795479247,40.82679204465248
make,103.72199532222439,26.95479114142385
state,57.39322098247703,36.31924556066718
color,44.520437199958906,27.966468191830955
model,37.67005126978893,13.954057356331395
transmission,11.779240616290917,10.8119214917554
