feature,importance,std
vehicle_age,579.1879481972547,92.4101931272775
year_num,575.6820546535866,82.56326666460927
state,501.0093701828614,65.52043091232544
mileage_num,464.40462569351087,100.63998446004456
zip_code,292.8042350252837,43.86697927942785
city,216.80102676474607,35.789827079123725
make,194.34036822152902,26.804968447585733
model,66.77211439971715,14.618721839103866
color,53.191708539011685,12.20784272312502
transmission,49.1883838366467,34.076167330782155
