feature,importance,std
vehicle_age,579.1879481972545,92.41019312727722
year_num,575.6820546535871,82.56326666460924
state,501.0093701828614,65.52043091232544
mileage_num,464.40462569351075,100.63998446004466
zip_code,292.8042350252837,43.86697927942784
city,216.80102676474553,35.7898270791234
make,194.34036822152893,26.80496844758572
model,66.77211439971734,14.618721839103832
color,53.19170853901187,12.207842723124998
transmission,49.18838383664706,34.076167330782454
