feature,importance,std
mileage_num,468.44489321325534,88.52755718406301
vehicle_age,396.692089699565,44.43604471940407
year_num,389.7806001331086,43.257331656900405
zip_code,222.8110801300705,48.66367219472122
city,172.53293956174167,36.96887565561049
make,94.54183228611446,29.73682080542446
state,65.21894427605184,26.23805632019976
color,52.3357186182453,10.589694880356495
model,39.170951447177416,11.08659665806453
transmission,15.02344218561675,7.478593125938294
