feature,importance,std
vehicle_age,579.1879481972549,92.41019312727738
year_num,575.6820546535869,82.56326666460923
state,501.0093701828616,65.52043091232542
mileage_num,464.4046256935109,100.63998446004453
zip_code,292.80423502528373,43.866979279428
city,216.8010267647459,35.78982707912371
make,194.34036822152902,26.804968447585733
model,66.77211439971707,14.618721839103927
color,53.19170853901187,12.207842723125063
transmission,49.188383836647155,34.07616733078224
