feature,importance,std
mileage_num,607.0937034352307,95.32009714187242
vehicle_age,558.6887630437993,109.87800907444249
year_num,517.7554947937781,107.78433386378792
make,181.5642886055768,55.345022553758504
zip_code,156.19035772002553,64.66941428509253
city,153.53451259688717,73.14342713677796
color,73.06265692231136,28.75009057425743
transmission,59.460597115954805,18.979073956820507
state,34.60442379492834,111.78400577558709
model,32.86014069979101,27.07471034496823
