feature,importance,std
vehicle_age,579.1879481972549,92.41019312727738
year_num,575.6820546535869,82.56326666460942
state,501.0093701828615,65.52043091232531
mileage_num,464.4046256935106,100.6399844600445
zip_code,292.8042350252837,43.86697927942785
city,216.8010267647457,35.789827079123405
make,194.34036822152893,26.80496844758572
model,66.77211439971707,14.618721839104078
color,53.19170853901223,12.207842723125275
transmission,49.1883838366467,34.07616733078233
