feature,importance,std
mileage_num,634.3935877056244,54.766545676037715
year_num,435.9502674335358,42.0889433854535
vehicle_age,384.53699941131634,41.629176084061875
zip_code,229.50002120332928,36.08738749819788
city,175.5471589357835,35.51630583436209
make,138.52986143595254,24.489603506471852
state,116.96053263779686,24.743522282494286
color,49.37657730285755,7.722231803236642
model,49.016717059793976,16.639960870628986
transmission,28.827142625687156,9.680396445993887
