feature,importance,std
vehicle_age,579.1879481972545,92.41019312727722
year_num,575.6820546535866,82.56326666460927
state,501.0093701828616,65.52043091232542
mileage_num,464.40462569351087,100.63998446004456
zip_code,292.8042350252837,43.86697927942785
city,216.80102676474561,35.78982707912351
make,194.34036822152902,26.804968447585548
model,66.77211439971734,14.618721839103832
color,53.191708539011685,12.207842723125024
transmission,49.1883838366467,34.07616733078233
