feature,importance,std
vehicle_age,579.1879481972545,92.41019312727722
year_num,575.6820546535869,82.56326666460903
state,501.0093701828616,65.52043091232545
mileage_num,464.40462569351104,100.63998446004479
zip_code,292.80423502528356,43.86697927942786
city,216.80102676474598,35.78982707912372
make,194.34036822152902,26.804968447585733
model,66.77211439971715,14.618721839104136
color,53.19170853901187,12.207842723124964
transmission,49.188383836647155,34.07616733078238
