feature,importance,std
year_num,347.1634690427257,67.05600138923857
vehicle_age,308.04273808291555,66.0902910130902
mileage_num,239.55318099108234,33.39620395650971
city,206.16034301975805,39.25667210544753
zip_code,121.27535896822265,64.75734246378988
make,96.36086614927918,51.462002485304495
state,68.28536694915147,32.266724504611986
model,57.22827884285971,31.92757602039233
color,57.211578830646616,13.010585503271773
transmission,23.17073139388476,32.19385426810918
