feature,importance,std
mileage_num,602.9598953045108,93.08731500918846
year_num,493.82388570761776,77.46488331854117
state,476.8104080021402,51.62831686713357
vehicle_age,363.7967684128763,66.13356948469047
zip_code,233.83094457064072,30.29809597203803
city,199.08561569000804,20.030416396028684
make,147.00512217794676,35.051335582043514
color,73.46704257550337,13.506975497187769
model,60.17618178367475,17.544719496151433
transmission,16.228496609976627,36.22864383213305
