feature,importance,std
year_num,421.5370587890108,69.02972075295467
vehicle_age,394.63823064904057,64.06999895993128
mileage_num,307.98809299974863,62.67107748852941
zip_code,242.7175452061312,49.99140647902848
state,219.0230724749862,80.06491919079554
city,144.71563335171987,39.87241023747001
make,107.19718051880473,28.208423113482297
transmission,97.68818977104392,51.80203689948692
color,80.24571768650813,21.513642825787638
model,68.13539518586431,25.040413546265594
