feature,importance,std
mileage_num,422.11708080432544,34.828281420454566
zip_code,332.92988919791344,28.29233368149448
vehicle_age,288.3421983347089,43.65173189564153
year_num,275.7685196218198,43.876838663935175
city,248.28050699396437,32.02883155180109
make,166.08364672192994,32.72084760216058
state,109.77296281127728,17.33471302228344
color,72.52148972515097,13.700085955833968
model,49.7665040267153,16.49539152822742
transmission,-43.61065937998028,27.313075592995872
