feature,importance,std
vehicle_age,579.1879481972547,92.41019312727711
year_num,575.6820546535869,82.56326666460923
state,501.0093701828616,65.52043091232542
mileage_num,464.40462569351075,100.63998446004439
zip_code,292.8042350252834,43.86697927942796
city,216.8010267647457,35.78982707912359
make,194.34036822152885,26.804968447585797
model,66.77211439971715,14.618721839103866
color,53.19170853901196,12.207842723124887
transmission,49.18838383664725,34.07616733078246
