feature,importance,std
vehicle_age,267.4818871855214,41.008828094491605
mileage_num,246.27033273307498,46.743251830623386
year_num,205.11085208003368,37.4482531909433
zip_code,190.41816519666008,29.07358908393679
city,140.3792313525317,23.14756544018035
make,62.765061245012475,16.218425903560465
color,36.52922313955851,9.7913645846917
state,36.01062556545221,10.848667034937257
model,27.340019751943146,6.797476556363369
transmission,1.0260757239227132,2.145168318865274
