feature,importance,std
vehicle_age,407.33342961550954,38.4612603131868
mileage_num,396.61928380168246,43.58555716065794
year_num,386.08193572956253,33.86227517409911
zip_code,338.6471732344867,39.35919345307916
state,258.5707930438842,59.02867739017716
city,215.71311608021034,23.848221370396896
make,145.25514897169168,30.798667760210016
model,75.25074257671295,13.231038110755286
color,63.93084054297251,12.440221834808492
transmission,43.48553037364709,25.981413857613205
