feature,importance,std
mileage_num,876.3445820341442,89.8800878885252
vehicle_age,641.404007558431,60.1677364168281
year_num,484.4332764749509,46.28172012570555
city,213.05462754823103,45.356330080376146
zip_code,210.14807073521814,70.76148141881848
make,178.75967276077216,37.423860214743144
state,108.86651207548312,49.5641490531077
transmission,56.741107295213986,39.240145847366534
model,48.63016710736692,32.23887407863022
color,45.49231976024284,27.69426113393322
