feature,importance,std
mileage_num,253.4952542578022,38.13943467526712
vehicle_age,232.67918042052116,26.978743325409738
zip_code,230.8201750723296,31.07390026251257
year_num,186.9280063976583,30.120910944570905
city,151.30041470058114,26.614314576225716
make,79.04254884943302,11.21623254042191
color,40.2678268805812,9.149995157988116
state,34.77638126068386,27.125811496869165
model,19.604105631086078,8.950353306500075
transmission,4.4471121573881645,5.971618117810376
