feature,importance,std
vehicle_age,579.1879481972545,92.41019312727722
year_num,575.6820546535866,82.56326666460939
state,501.0093701828614,65.52043091232544
mileage_num,464.40462569351064,100.6399844600444
zip_code,292.80423502528345,43.8669792794278
city,216.8010267647458,35.78982707912331
make,194.34036822152893,26.80496844758572
model,66.77211439971697,14.618721839104053
color,53.191708539012055,12.207842723125081
transmission,49.18838383664697,34.07616733078228
