feature,importance,std
vehicle_age,243.91503829171816,32.47558366093303
mileage_num,242.1159909254423,24.938687185208522
year_num,241.0976993244757,28.505237571171058
city,138.2918526315335,27.717335978849814
zip_code,121.18013713152877,24.2795905202249
make,42.91661113594837,8.745271989936064
color,31.781522229733763,9.461580639311018
state,31.643111631432838,8.440232343877474
model,5.815172454989079,3.07859710076809
transmission,2.373851467822351,1.8534466600817687
