feature,importance,std
mileage_num,392.7607735794789,55.41084471989004
vehicle_age,383.69477288245264,66.78154943508794
year_num,383.358570649268,66.1546959765877
zip_code,145.7056350496663,96.42782526948675
transmission,124.44197403120488,26.472323316318352
city,121.15060975799288,60.11725407734339
make,114.85776129848901,29.99790624321259
color,60.44449159147325,17.021346889570584
model,33.650869494442304,17.332375731897027
state,15.322875074361855,82.57489509229487
