feature,importance,std
vehicle_age,335.88682597914396,79.48680509355249
year_num,266.78486826916514,79.05152025073488
mileage_num,247.48592637948815,149.74374654268308
zip_code,157.07824422835012,54.79605074781174
transmission,127.03018639442007,37.287666653363544
state,119.04654558339716,86.61020986536069
color,110.8684541353986,14.619602856926468
city,107.87472664874704,27.765692905543794
make,99.73913283468065,45.66563717680539
model,57.628356574464945,23.028808877904936
