feature,importance,std
mileage_num,189.99946961861042,61.42244343579746
state,159.88916962896164,26.8265163616528
vehicle_age,127.2395669729788,87.64916216751907
zip_code,126.47478333646305,49.66299725002484
city,116.1153628650627,58.39005214574457
make,109.63348943109341,54.78412793904935
transmission,98.5751016033415,52.274593849442226
year_num,76.53378807338022,78.77494050964218
model,69.87733244247029,26.659011265391687
color,59.452118106844864,25.460578712853383
