feature,importance,std
vehicle_age,579.1879481972545,92.41019312727722
year_num,575.6820546535869,82.56326666460923
state,501.0093701828615,65.52043091232557
mileage_num,464.40462569351087,100.63998446004456
zip_code,292.80423502528373,43.866979279428
city,216.80102676474553,35.789827079123434
make,194.34036822152893,26.80496844758572
model,66.77211439971725,14.618721839103884
color,53.191708539011685,12.207842723125253
transmission,49.18838383664679,34.0761673307821
