feature,importance,std
mileage_num,602.959895304511,93.08731500918857
year_num,493.8238857076177,77.46488331854107
state,476.81040800214015,51.6283168671337
vehicle_age,363.7967684128763,66.13356948469024
zip_code,233.8309445706408,30.29809597203802
city,199.08561569000804,20.030416396028663
make,147.00512217794667,35.05133558204344
color,73.46704257550346,13.506975497187847
model,60.17618178367466,17.54471949615117
transmission,16.228496609976354,36.22864383213295
