feature,importance,std
mileage_num,517.4088805993382,94.7325474558716
year_num,432.77461967844795,49.3095086111261
vehicle_age,419.97157656241626,49.14966190108688
zip_code,286.1851732276533,75.59961318555105
city,209.08125949496588,42.81247406738613
make,101.15241676862324,19.305563744277435
state,67.15521594394741,19.81020020815823
color,63.85275585362842,12.819201678992883
model,50.90770395544742,13.46429822090539
transmission,-6.314162289301021,3.653959052450426
