feature,importance,std
vehicle_age,579.1879481972547,92.4101931272775
year_num,575.6820546535871,82.56326666460897
state,501.0093701828614,65.52043091232544
mileage_num,464.40462569351087,100.63998446004456
zip_code,292.80423502528356,43.86697927942778
city,216.8010267647457,35.78982707912333
make,194.34036822152885,26.80496844758556
model,66.77211439971688,14.61872183910419
color,53.19170853901187,12.207842723125063
transmission,49.1883838366467,34.07616733078233
