feature,importance,std
mileage_num,732.6094995810978,115.82315903578504
vehicle_age,588.4835507125039,84.48393562844224
year_num,527.2256413321123,74.78056061032083
zip_code,232.93460451267765,71.1169284492061
make,189.07820872297106,44.16512825627087
city,149.39556322129664,43.704401624693105
color,77.83079701099341,9.072161242944045
state,68.0053930155691,67.5948112827685
model,56.03563235321526,23.717574987101965
transmission,54.53835512752139,20.201811860356326
