feature,importance,std
mileage_num,428.4341634625375,106.84883457277346
year_num,321.31623138047917,86.1091506920325
vehicle_age,316.56911936067365,72.91194483898964
zip_code,216.34362397225897,64.89776405235536
city,124.82236745485389,45.16118604550406
state,108.10978421143045,79.48965000038889
make,104.93148110619222,37.53446662777756
model,39.97682046320797,13.501531179311563
color,18.427468989397674,20.493606072144342
transmission,14.4951957830639,35.822528965710916
