feature,importance,std
mileage_num,662.8788454367266,82.07183764382017
year_num,647.8919400336981,100.02914296249108
vehicle_age,550.3172546537028,93.35145756551506
zip_code,193.75939642358426,61.79118431018324
state,177.7072096143864,53.18533214755891
city,169.57854485579955,43.50655637354254
make,136.33195853315402,30.282200784836927
color,83.23781520469284,24.908762431837363
transmission,63.22701734136344,17.466744381155735
model,49.21230341417295,11.135889917908141
