feature,importance,std
mileage_num,602.9598953045128,93.08731500918857
year_num,493.8238857076194,77.46488331854108
state,476.810408002142,51.6283168671336
vehicle_age,363.7967684128781,66.13356948469014
zip_code,233.83094457064243,30.298095972038116
city,199.08561569001023,20.030416396028727
make,147.00512217794858,35.051335582043514
color,73.46704257550527,13.506975497187847
model,60.17618178367657,17.544719496151334
transmission,16.228496609978357,36.22864383213299
