feature,importance,std
mileage_num,515.779016045287,65.83374068348493
vehicle_age,485.20883600739023,66.7173809992333
year_num,427.3468046356505,61.89176750802508
zip_code,215.01626043936758,35.127445026285514
city,129.03824566728107,37.864515484773484
make,110.9637744757716,16.987267291202745
state,102.9976606451899,17.711117103845535
color,40.7673794989264,7.974632448043378
model,37.326595890900535,14.364847374242004
transmission,20.354051801059903,11.335912038561126
