feature,importance,std
mileage_num,602.9598953045127,93.08731500918873
year_num,493.8238857076196,77.46488331854117
state,476.81040800214197,51.6283168671337
vehicle_age,363.7967684128781,66.1335694846905
zip_code,233.83094457064217,30.298095972038357
city,199.08561569001003,20.030416396028603
make,147.0051221779485,35.05133558204366
color,73.46704257550527,13.506975497187847
model,60.176181783676384,17.54471949615123
transmission,16.228496609978265,36.22864383213302
