feature,importance,std
mileage_num,411.96173589377315,58.02489937197703
year_num,410.31186240383585,52.721418360869954
vehicle_age,409.1057010982322,47.30969453115704
zip_code,218.2944089423134,38.824790075160415
city,165.04795267091748,17.32023315059554
make,101.86464559776513,35.610328712285444
state,62.51726204541319,21.22148206415589
model,51.48056456905242,16.00927277259125
color,40.722201908643186,15.17332970203604
transmission,-0.6719923008658043,7.6757903390935205
