feature,importance,std
mileage_num,602.9598953045108,93.08731500918887
year_num,493.8238857076179,77.46488331854124
state,476.81040800214015,51.6283168671337
vehicle_age,363.7967684128762,66.13356948469054
zip_code,233.83094457064072,30.29809597203811
city,199.0856156900082,20.030416396028734
make,147.00512217794676,35.051335582043514
color,73.46704257550354,13.506975497187806
model,60.176181783674565,17.544719496151494
transmission,16.228496609976446,36.228643832133066
