feature,importance,std
mileage_num,584.237325686093,49.68167758323763
year_num,445.27554833343703,46.79787457466174
vehicle_age,376.66535134727656,37.43422630898463
zip_code,244.4667303510975,48.90283048068214
city,147.87554696074758,31.7208927519008
make,120.11016232358642,27.288074784104587
state,84.46827966575339,36.64958213630794
color,44.54002166450982,9.112908544071981
model,43.450097987376466,12.225641790245438
transmission,21.26542466829769,16.945480912186106
