feature,importance,std
transmission,180.9281680689839,54.4017064901399
mileage_num,156.04009759151023,96.15226912478964
state,123.93533621273772,43.87233201610798
make,111.97924583161384,42.218981589165004
zip_code,103.37945460639966,69.30619357792335
model,102.5049894161145,51.695606277234575
city,100.80657710901706,66.81275887503105
color,67.4428232825414,20.895216897549748
year_num,47.30038724994565,92.45347314275219
vehicle_age,44.8753058625467,97.86476967542934
