feature,importance,std
year_num,331.82464536803445,64.40978701463017
vehicle_age,312.7949046194502,50.58451697134794
city,170.32923446188943,84.22466111762492
state,117.12132589206831,55.44635757631409
zip_code,105.01038345004572,112.04204037569373
model,93.40655028922492,47.863661255673534
make,92.4494166513119,31.32578970444882
transmission,43.76379025934839,50.98846342707389
color,41.56477657209798,13.92592216581183
mileage_num,-9.856906647002779,40.20981669614554
