feature,importance,std
mileage_num,518.4692910071493,123.90090101479441
vehicle_age,436.3367598649189,54.87635449833146
year_num,381.9218823180734,49.23660948801002
zip_code,274.33713811550524,54.28686498935376
city,222.0327407131358,38.061657274510786
make,115.55145014439832,31.660125460234546
model,51.356245440042855,16.867000804269324
color,50.255380649495144,15.085804279573836
state,37.92572156259994,23.98342931281396
transmission,13.355780484949445,10.891085665884443
