feature,importance,std
year_num,221.19543724864496,34.75657256222835
vehicle_age,220.59343762979915,32.62753081893952
zip_code,216.36389403969696,23.926126808673004
mileage_num,195.1273446881358,27.428897906863003
city,145.64707825869465,19.26863963119502
make,49.34734370718206,12.531031022647538
state,36.57317445761773,17.3119427799819
color,35.59096464242284,7.890462440583669
model,12.265166339200913,2.912355157139944
transmission,6.508173014062504,4.950666592154555
