feature,importance,std
vehicle_age,579.1879481972549,92.41019312727738
year_num,575.6820546535869,82.56326666460923
state,501.0093701828616,65.52043091232542
mileage_num,464.40462569351075,100.63998446004466
zip_code,292.80423502528356,43.86697927942786
city,216.8010267647457,35.789827079123434
make,194.34036822152893,26.80496844758572
model,66.77211439971742,14.618721839104154
color,53.19170853901187,12.207842723124964
transmission,49.18838383664688,34.07616733078226
