feature,importance,std
mileage_num,1923.8326696312542,2938.702944338067
make,297.2792831371224,454.10160583936033
transmission,262.20147321591503,400.5193661136247
color,82.78088045747718,126.44988359716312
zip_code,-1.8189894035458565e-12,0.0
model,-2.0008883439004423e-12,5.456968210637569e-13
vehicle_age,-18.396343692685512,28.100879160715888
year_num,-24.247110237934066,37.03807268308695
city,-56.90122845778624,86.91806218125708
state,-2025.289179967201,3093.680323791578
