feature,importance,std
vehicle_age,579.1879481972549,92.4101931272774
year_num,575.6820546535871,82.56326666460924
state,501.0093701828614,65.52043091232544
mileage_num,464.40462569351087,100.63998446004456
zip_code,292.8042350252837,43.86697927942801
city,216.80102676474553,35.789827079123086
make,194.34036822152893,26.80496844758572
model,66.77211439971734,14.618721839104023
color,53.191708539012055,12.207842723124722
transmission,49.18838383664697,34.07616733078226
