feature,importance,std
vehicle_age,579.1879481972545,92.41019312727722
year_num,575.6820546535869,82.56326666460923
state,501.00937018286174,65.52043091232542
mileage_num,464.40462569351064,100.6399844600444
zip_code,292.80423502528356,43.8669792794278
city,216.8010267647459,35.78982707912334
make,194.34036822152893,26.80496844758572
model,66.77211439971707,14.61872183910408
color,53.191708539012055,12.207842723124912
transmission,49.18838383664688,34.07616733078231
