feature,importance,std
mileage_num,443.5525618162219,44.69992173700072
year_num,387.70114415368135,63.91220096986252
vehicle_age,387.1568138569922,71.90426189506974
zip_code,251.8531962010242,36.04466382923848
city,204.62674406919578,20.88964067526717
make,97.30734916101028,24.93983867596683
state,76.353682926085,26.518895800143763
color,54.43163837308357,17.458666810286086
model,51.46644192881077,18.317674674860836
transmission,30.0317739013286,11.971155276892677
