feature,importance,std
mileage_num,392.7607735794786,55.41084471988995
vehicle_age,383.6947728824527,66.7815494350876
year_num,383.3585706492677,66.15469597658749
zip_code,145.7056350496661,96.4278252694866
transmission,124.44197403120488,26.472323316318352
city,121.1506097579927,60.11725407734346
make,114.85776129848891,29.997906243212483
color,60.44449159147352,17.02134688957088
model,33.6508694944424,17.332375731896928
state,15.322875074361765,82.57489509229484
