feature,importance,std
vehicle_age,579.1879481972547,92.4101931272775
year_num,575.6820546535872,82.563266664609
state,501.0093701828614,65.52043091232544
mileage_num,464.40462569351064,100.6399844600444
zip_code,292.80423502528373,43.8669792794279
city,216.80102676474561,35.789827079123555
make,194.34036822152885,26.80496844758556
model,66.77211439971725,14.618721839103808
color,53.191708539012055,12.207842723125047
transmission,49.18838383664679,34.076167330782276
