feature,importance,std
mileage_num,602.9598953045108,93.08731500918847
year_num,493.82388570761776,77.46488331854117
state,476.81040800214015,51.6283168671337
vehicle_age,363.79676841287636,66.13356948469034
zip_code,233.83094457064053,30.29809597203813
city,199.08561569000804,20.030416396028684
make,147.00512217794648,35.05133558204359
color,73.46704257550337,13.506975497187888
model,60.17618178367438,17.54471949615118
transmission,16.228496609976265,36.228643832132974
