feature,importance,std
mileage_num,634.366650373704,54.76404785619691
year_num,435.9994187133375,42.178128351181854
vehicle_age,384.92332012233845,41.71807405999042
zip_code,229.2792059506024,36.13419343295241
city,175.50158296290638,35.52995691416423
make,138.44784218671992,24.484300268219666
state,116.9605326377964,24.743522282494578
color,49.36916589900384,7.718922667308163
model,49.01671705979315,16.639960870628943
transmission,28.82861781799438,9.68021700922429
