feature,importance,std
mileage_num,285.31139943226873,44.857328783571944
year_num,218.29239803740302,24.251769994026393
vehicle_age,187.67361713190058,20.236745212340626
city,165.05609661753851,21.06008007623849
zip_code,163.49903433605806,20.309422300144625
make,85.30971598487386,26.877984390392477
color,37.29072331595516,6.114420823169493
state,33.60909659577474,34.568502693824925
model,25.739354330529203,11.307358255091149
transmission,-11.97985410276642,5.109009642969055
