feature,importance,std
vehicle_age,238.1150772115383,32.570419427717994
year_num,229.96657470986383,35.26283985093034
mileage_num,229.09810306433937,50.00101115076515
zip_code,199.80510000003022,17.93689390121788
city,181.9970456536924,16.394564552587788
make,83.54334756465224,14.52898124994046
state,37.93039484488418,20.260698747796642
color,33.47471615652212,7.912826375511085
model,22.246773748093165,4.904018227309774
transmission,7.218684535073043,2.672816988553875
