feature,importance,std
vehicle_age,579.1879481972545,92.41019312727722
year_num,575.6820546535871,82.56326666460897
state,501.0093701828616,65.52043091232542
mileage_num,464.4046256935109,100.63998446004449
zip_code,292.80423502528356,43.86697927942818
city,216.8010267647459,35.789827079123455
make,194.34036822152893,26.80496844758572
model,66.77211439971707,14.61872183910426
color,53.19170853901196,12.207842723125058
transmission,49.1883838366467,34.07616733078213
