feature,importance,std
state,373.4331970304223,68.37619510187005
mileage_num,362.935874603215,52.695096833338056
year_num,351.6545067832055,45.30125419238359
vehicle_age,335.2620814776883,47.9091882114647
zip_code,280.9481671430737,25.625055816837445
city,213.11105778870987,24.438832567086102
make,152.27624314265594,30.989716013092572
model,52.088030893158155,10.893019679311978
transmission,47.622638788769926,23.477648421330134
color,45.658484057876464,16.811478864559135
