feature,importance,std
mileage_num,464.2415336988967,36.80366476764679
year_num,355.73202577957636,53.37271987352678
vehicle_age,328.68502634210506,51.878695260653885
zip_code,232.7773431727738,21.820433070794092
city,190.76607334350584,31.85950852686121
state,102.46805867353305,30.976808671450712
make,99.13269188484983,11.938130962880999
color,56.99749702289328,9.44400338870343
model,44.55063539297426,11.587050296617964
transmission,23.307399363375133,7.492038333181723
