feature,importance,std
vehicle_age,579.1879481972545,92.41019312727722
year_num,575.6820546535869,82.56326666460923
state,501.0093701828616,65.52043091232542
mileage_num,464.40462569351075,100.63998446004466
zip_code,292.8042350252833,43.86697927942785
city,216.8010267647458,35.78982707912345
make,194.34036822152893,26.80496844758572
model,66.77211439971715,14.618721839103953
color,53.19170853901178,12.207842723124736
transmission,49.18838383664679,34.0761673307824
