feature,importance,std
mileage_num,602.9598953045108,93.08731500918847
year_num,493.82388570761776,77.46488331854117
state,476.81040800214015,51.6283168671337
vehicle_age,363.7967684128759,66.13356948469047
zip_code,233.83094457064053,30.29809597203826
city,199.08561569000796,20.030416396028663
make,147.00512217794676,35.051335582043514
color,73.46704257550354,13.506975497187806
model,60.176181783674565,17.544719496151217
transmission,16.228496609976446,36.22864383213288
