feature,importance,std
vehicle_age,579.1879481972545,92.41019312727722
year_num,575.6820546535871,82.56326666460924
state,501.0093701828614,65.52043091232544
mileage_num,464.40462569351087,100.63998446004456
zip_code,292.80423502528345,43.866979279427795
city,216.8010267647459,35.78982707912337
make,194.34036822152893,26.80496844758572
model,66.77211439971707,14.618721839104046
color,53.191708539012055,12.207842723124946
transmission,49.18838383664679,34.076167330782376
