feature,importance,std
mileage_num,751.4817219802438,60.20465565662596
year_num,453.20962203970214,49.00244185765373
vehicle_age,374.3158393045329,41.35379844507988
zip_code,269.95689298173636,55.84314770884348
city,194.8300745584278,47.30379583780187
make,186.0685400943841,28.70600401659841
state,90.9985317277864,44.16839509262425
color,72.88416582398077,15.338239559611411
model,62.717093874787864,16.074058920037345
transmission,31.327147263732694,13.57521076695599
