feature,importance,std
mileage_num,602.9598953045128,93.08731500918857
year_num,493.8238857076195,77.46488331854117
state,476.81040800214197,51.6283168671337
vehicle_age,363.796768412878,66.13356948469043
zip_code,233.83094457064243,30.29809597203812
city,199.08561569000977,20.030416396028663
make,147.0051221779484,35.051335582043656
color,73.467042575505,13.506975497187682
model,60.176181783676476,17.54471949615138
transmission,16.228496609978173,36.22864383213318
