feature,importance,std
vehicle_age,579.1879481972547,92.4101931272775
year_num,575.6820546535869,82.56326666460923
state,501.0093701828614,65.52043091232544
mileage_num,464.40462569351075,100.63998446004466
zip_code,292.8042350252837,43.86697927942801
city,216.8010267647458,35.789827079123256
make,194.34036822152885,26.80496844758556
model,66.77211439971742,14.618721839104346
color,53.19170853901187,12.207842723124896
transmission,49.18838383664688,34.07616733078222
