feature,importance,std
mileage_num,751.4817219802422,60.20465565662619
year_num,453.2096220397005,49.00244185765395
vehicle_age,374.31583930453127,41.35379844507981
zip_code,269.95689298173454,55.84314770884374
city,194.83007455842616,47.30379583780201
make,186.06854009438229,28.70600401659841
state,90.99853172778458,44.16839509262518
color,72.88416582397913,15.338239559611257
model,62.717093874786045,16.074058920037707
transmission,31.327147263730694,13.575210766956003
