feature,importance,std
mileage_num,297.7364592074915,39.780484808627925
vehicle_age,277.935347592599,46.88792114194831
year_num,232.79741701133662,39.549821637677326
zip_code,193.77631262652977,17.880988019555257
city,150.92163086622412,24.7567969437897
make,73.61496886820132,13.153679679946283
color,38.88333520472943,9.512228200651434
state,30.975454339357565,14.02228035014443
model,23.14735240860182,9.753379429934746
transmission,9.389970014823394,5.834917458212891
