feature,importance,std
mileage_num,837.7332655555267,55.22730668247116
vehicle_age,681.7270152686596,81.81638563029041
year_num,612.0713885212499,74.43442315140145
zip_code,314.8691011084863,43.05036624326102
city,216.65956172001006,52.481074922650365
state,141.68082034641867,31.4568576505469
make,132.49560789001262,43.69827557124329
model,86.71601645518476,29.523051167042176
transmission,70.60093360653772,28.45162988491979
color,63.95470685149003,27.286091513800017
