feature,importance,std
mileage_num,248.8703619344361,34.24888661827709
year_num,229.8528879785371,32.439705854431644
vehicle_age,227.08187236652503,32.531665588330846
zip_code,147.78367416560224,18.19773632632007
city,113.26028036370371,31.192290046261355
make,49.93532457735955,14.6062605896581
state,33.03424460449351,9.36574522648971
color,25.940985157777504,10.327965122232431
model,4.11895707902022,1.2823245431806831
transmission,0.8129373284102257,1.9382669796110157
