feature,importance,std
mileage_num,265.0098607807111,35.37183846963592
year_num,240.4365267870734,37.599538245431596
zip_code,222.2302158692014,26.464175445304075
vehicle_age,194.52802142236723,34.02578272960606
city,142.92931639580638,22.720202296989623
make,71.78442429991037,16.16269538323553
state,38.79089137955007,12.613351600838055
color,27.55061856316315,6.37261124474962
model,13.662968847718549,5.0892347976730585
transmission,6.2888319714218595,6.952003808857182
