feature,importance,std
year_num,323.3882067748026,55.97887216337656
mileage_num,323.0384790049585,59.66103228597121
vehicle_age,311.77059229054396,55.16619197387871
zip_code,291.90730505041927,24.973986372197082
city,198.5434337071294,31.71665259902563
make,100.00810379405102,18.52001945131048
color,41.35648890173125,18.366202496210786
state,37.20366162320797,8.708435498206516
model,34.96314366426441,10.457150301154083
transmission,-1.6323540949859308,15.87314119823365
