feature,importance,std
vehicle_age,579.1879481972545,92.41019312727722
year_num,575.6820546535869,82.56326666460923
state,501.00937018286174,65.52043091232542
mileage_num,464.40462569351087,100.63998446004456
zip_code,292.80423502528345,43.86697927942796
city,216.80102676474544,35.78982707912334
make,194.34036822152893,26.80496844758572
model,66.77211439971725,14.618721839103891
color,53.19170853901187,12.207842723125006
transmission,49.18838383664706,34.07616733078235
