feature,importance,std
vehicle_age,407.3334296155087,38.461260313186756
mileage_num,396.6192838016817,43.5855571606579
year_num,386.0819357295617,33.862275174098905
zip_code,338.64717323448576,39.35919345307925
state,258.57079304388344,59.0286773901772
city,215.71311608020952,23.848221370396836
make,145.25514897169077,30.798667760210016
model,75.25074257671213,13.231038110755549
color,63.93084054297178,12.440221834808332
transmission,43.48553037364636,25.981413857613244
