feature,importance,std
vehicle_age,579.1879481972549,92.4101931272774
year_num,575.6820546535869,82.56326666460923
state,501.0093701828616,65.52043091232542
mileage_num,464.40462569351047,100.6399844600441
zip_code,292.80423502528356,43.86697927942786
city,216.8010267647457,35.7898270791235
make,194.34036822152902,26.80496844758572
model,66.77211439971688,14.618721839104104
color,53.19170853901196,12.20784272312482
transmission,49.18838383664679,34.0761673307821
