feature,importance,std
year_num,526.5499477657214,42.275581807407626
mileage_num,505.4565814939944,65.38306128163678
vehicle_age,429.00755238013505,27.855627581151143
zip_code,253.0131765324025,37.47423017855733
city,153.52715716889952,42.368590990848766
make,99.03763353633084,31.514624793255344
state,81.62006161843583,15.337948273205566
color,70.36767955729465,15.75745086557321
model,55.84615686366387,17.03507831288599
transmission,31.842545681959837,7.46372087397317
