feature,importance,std
mileage_num,439.9632021713128,95.5000813957715
vehicle_age,344.56657593328845,103.97595767669104
year_num,312.5663508977399,94.0992809473713
zip_code,201.7381773378617,66.61970262246783
city,169.33225748225723,44.486896996872034
make,122.53438759325536,30.93286157894364
state,116.8270172571094,80.21172674468957
transmission,54.52559037413548,55.60512597461307
model,47.63775570083699,17.648121007076725
color,32.160243624112994,15.942252461794888
