feature,importance,std
vehicle_age,243.9150382917187,32.47558366093269
mileage_num,242.1159909254422,24.938687185208476
year_num,241.09769932447534,28.50523757117093
city,138.2918526315335,27.717335978849814
zip_code,121.18013713152868,24.279590520224826
make,42.91661113594819,8.745271989936255
color,31.781522229733763,9.46158063931114
state,31.64311163143275,8.44023234387748
model,5.8151724549893515,3.078597100768145
transmission,2.373851467822351,1.8534466600817687
