feature,importance,std
mileage_num,810.2968182635985,195.83599754973864
year_num,578.6199565648628,93.40496995895096
vehicle_age,532.7769557636826,86.12358142164369
zip_code,281.2860213914162,69.60486615045068
city,279.1025672179015,51.38212334633145
make,132.73089825760462,41.92863351821762
state,88.04292151182844,41.07100574621488
color,79.10205019382711,18.7402326049267
model,71.21043683189609,17.173228293070835
transmission,36.0926528260954,17.769150575500475
