feature,importance,std
mileage_num,602.9598953045108,93.08731500918861
year_num,493.82388570761776,77.46488331854117
state,476.8104080021402,51.62831686713357
vehicle_age,363.79676841287676,66.1335694846904
zip_code,233.83094457064072,30.29809597203803
city,199.08561569000804,20.030416396028684
make,147.00512217794667,35.0513355820435
color,73.46704257550346,13.506975497187847
model,60.176181783674565,17.544719496151323
transmission,16.228496609976354,36.2286438321329
