feature,importance,std
vehicle_age,579.1879481972538,92.4101931272775
year_num,575.682054653586,82.56326666460923
state,501.0093701828605,65.52043091232544
mileage_num,464.40462569350984,100.63998446004466
zip_code,292.80423502528276,43.86697927942791
city,216.8010267647448,35.7898270791235
make,194.34036822152802,26.80496844758572
model,66.77211439971634,14.618721839104085
color,53.191708539010776,12.207842723124903
transmission,49.18838383664615,34.076167330782376
