feature,importance,std
vehicle_age,579.1879481972547,92.4101931272775
year_num,575.6820546535869,82.56326666460923
state,501.0093701828613,65.52043091232558
mileage_num,464.40462569351087,100.63998446004456
zip_code,292.80423502528345,43.866979279427746
city,216.80102676474553,35.78982707912341
make,194.34036822152893,26.80496844758572
model,66.77211439971725,14.618721839103891
color,53.19170853901187,12.207842723124843
transmission,49.18838383664688,34.07616733078216
