feature,importance,std
mileage_num,227.70770523440524,27.62832886958249
year_num,225.50097197662217,39.14522417751936
vehicle_age,217.09774969282824,31.507345629422375
zip_code,143.47225935033293,21.025164430720636
city,91.56094917887131,24.198725571374208
make,42.12084280998988,12.630445771690562
color,27.004324262079354,10.018141077031661
state,10.075757286242425,4.831852144780967
model,4.455701503822548,1.2641115375704166
transmission,1.3116420437369016,1.235568333899339
