feature,importance,std
mileage_num,602.9598953045107,93.08731500918859
year_num,493.8238857076177,77.46488331854108
state,476.8104080021402,51.62831686713357
vehicle_age,363.7967684128763,66.13356948469048
zip_code,233.83094457064072,30.29809597203803
city,199.08561569000813,20.0304163960286
make,147.00512217794667,35.05133558204366
color,73.46704257550337,13.506975497187769
model,60.176181783674835,17.544719496151384
transmission,16.22849660997654,36.228643832133024
