feature,importance,std
mileage_num,602.9598953045128,93.08731500918857
year_num,493.8238857076196,77.46488331854117
state,476.810408002142,51.628316867133606
vehicle_age,363.7967684128779,66.13356948469044
zip_code,233.83094457064254,30.29809597203811
city,199.08561569000994,20.0304163960286
make,147.0051221779485,35.05133558204366
color,73.46704257550527,13.506975497187728
model,60.17618178367657,17.54471949615135
transmission,16.228496609978357,36.22864383213299
