feature,importance,std
state,787.9563966323742,89.53605903295133
mileage_num,524.237580500631,53.78437327906925
vehicle_age,400.59149001957684,43.84875824947273
year_num,397.02491485610807,40.773020002643165
zip_code,203.66829440876063,40.969067013744116
city,186.5140852359801,33.89393145445165
make,125.76331912402975,28.80951189038344
transmission,96.06203134290391,30.139776561087682
model,53.99522177630897,24.922075154451296
color,38.044722401622224,15.348624479285913
