feature,importance,std
zip_code,260.45229988349786,107.62381418868537
city,168.03377281097056,75.32345412413899
year_num,159.4218666770209,48.42671664862253
vehicle_age,142.37054581222293,44.51245323351721
make,137.88124458730698,31.852787807841292
mileage_num,94.89542377528923,40.59300208124048
state,70.31283869744966,64.18858752365924
model,66.55837920197982,20.20464594925623
color,66.23301970878074,25.379023563289635
transmission,56.56671402360671,25.640792251979626
