feature,importance,std
vehicle_age,393.7112268534106,78.35873712620244
year_num,330.7717475221475,63.44273207296175
zip_code,297.5996635023042,66.26213310380743
mileage_num,246.92417807364473,58.051389485546174
city,245.2102432301286,39.330789576144404
make,92.18036988840167,36.37707298782283
state,68.91171929267493,19.146222947756222
model,56.69739592388696,14.9530651436975
color,40.51923848150655,6.630386231920433
transmission,27.12270563604643,29.44782666548076
