feature,importance,std
state,771.4778489445741,68.90340924399075
mileage_num,425.459214226276,55.71583290335261
vehicle_age,399.9797584060965,49.01060976373665
year_num,300.75553945501025,42.50733101180782
zip_code,183.54585874455316,41.30809854543253
city,136.9843962527869,31.020883378048737
make,106.21452473668342,31.57712871829118
model,52.917409578285785,27.07995015457227
transmission,43.21602330739697,25.33427186715309
color,42.39720552792842,16.833914733631687
