feature,importance,std
mileage_num,602.9598953045127,93.08731500918847
year_num,493.8238857076196,77.46488331854117
state,476.810408002142,51.62831686713357
vehicle_age,363.7967684128781,66.1335694846903
zip_code,233.83094457064226,30.298095972038134
city,199.08561569000986,20.0304163960286
make,147.0051221779485,35.0513355820435
color,73.46704257550527,13.506975497187847
model,60.176181783676476,17.544719496151266
transmission,16.228496609978357,36.22864383213299
