feature,importance,std
mileage_num,602.9598953045138,93.08731500918842
year_num,493.8238857076206,77.46488331854124
state,476.81040800214294,51.62831686713357
vehicle_age,363.7967684128792,66.13356948469027
zip_code,233.83094457064345,30.29809597203803
city,199.08561569001085,20.0304163960286
make,147.00512217794932,35.051335582043656
color,73.46704257550618,13.506975497187847
model,60.176181783677386,17.54471949615138
transmission,16.228496609979267,36.228643832133024
