feature,importance,std
mileage_num,389.8950458218981,62.98009779277872
vehicle_age,354.7888673937847,33.66904779782283
year_num,331.2989656438197,34.205705432286415
zip_code,307.22349709469864,37.56769540424059
city,207.17613305322857,23.18358789217542
state,119.26910594028877,53.24889892666088
make,114.58234134505547,25.42482579559627
model,69.32136153818946,17.08170739579152
color,66.86970449501004,10.908576812639726
transmission,57.84634342235868,13.812075209812066
