feature,importance,std
year_num,251.81877544295511,38.69870512101326
mileage_num,220.16649640708118,27.150064674562685
vehicle_age,179.74185221797705,23.37386090846087
zip_code,167.49728033364926,23.77765733747601
city,137.1245710428405,25.677629643851372
make,49.33777794696671,12.210266745953245
state,29.50590836928104,10.052364397243188
color,19.472145206723052,8.572245668128287
model,10.195090712368529,4.1740635947915585
transmission,0.8888262622358525,2.6883427246390417
