feature,importance,std
mileage_num,262.35070294403715,39.05551974877388
year_num,148.74963552300716,27.344828219511804
vehicle_age,119.14468701422228,23.899401804935952
make,68.8685807327287,22.44044030256805
model,12.789732125788031,4.715429144243379
color,0.0,0.0
zip_code,0.0,8.134767913360664e-13
city,-3.637978807091713e-13,7.275957614183426e-13
state,-7.275957614183426e-13,8.911191772433734e-13
transmission,-8.787647159329026,6.59854815731463
