feature,importance,std
mileage_num,405.4697510145705,62.69701932889292
vehicle_age,346.5046393130484,68.69589634139221
year_num,312.6855667579437,61.54693183314902
zip_code,237.94119177188176,54.105418693817576
city,235.4517160916408,38.61855936082998
make,159.2011504244586,25.43596589790382
model,83.71742229237798,21.594898582267028
state,59.288291444193966,30.37527940480036
color,45.914848625302696,13.241966703670595
transmission,6.164604644683459,6.096187547483548
