feature,importance,std
mileage_num,496.3762207563207,60.0579650624793
vehicle_age,490.5154286830651,56.18395369269642
year_num,425.15783250387466,51.61523929409296
zip_code,273.9785553836903,32.834098948145595
city,216.87931150282475,20.034318422722606
make,95.65855784000223,23.683024212550773
state,78.72626545363309,16.56258455997937
model,58.66789165681166,9.517413838149608
color,43.343785153886074,20.86114219709244
transmission,10.558132048664902,6.641586766730725
