feature,importance,std
mileage_num,650.7004176410361,116.6589111211356
year_num,598.3127527245999,77.83648150148835
vehicle_age,574.6312923459172,76.5105535430041
zip_code,201.2586554721176,66.98184453526362
city,160.1735160726859,60.231271708487576
state,137.83134551983576,21.44578486837889
make,129.7956103925726,30.60732827205992
color,48.04957995767809,7.406128313614248
model,42.75543559272082,14.285239881332858
transmission,25.357254252607436,10.25081848007514
