feature,importance,std
vehicle_age,386.3407064465312,75.24035803781481
year_num,351.47848484936685,69.84665357358404
mileage_num,299.19194323127914,99.72601043078318
zip_code,224.45102276731987,41.94807288333963
state,186.64775025924627,32.96183722633993
city,151.86639142722652,29.042097859435156
make,141.56818554189368,34.25038477648944
color,129.34498238148063,26.770109675255007
transmission,110.8854763554511,44.057224390890795
model,73.1771138226467,13.423783136462864
