feature,importance,std
vehicle_age,579.1879481972545,92.41019312727722
year_num,575.6820546535869,82.56326666460923
state,501.00937018286174,65.52043091232541
mileage_num,464.40462569351087,100.63998446004456
zip_code,292.8042350252837,43.86697927942801
city,216.8010267647457,35.789827079123675
make,194.34036822152885,26.80496844758556
model,66.77211439971725,14.618721839103895
color,53.19170853901187,12.207842723124896
transmission,49.18838383664697,34.07616733078217
