feature,importance,std
mileage_num,495.02377051578867,61.412016494107334
year_num,474.3372792593176,22.72824367778253
vehicle_age,417.2783276448228,27.264789478576606
zip_code,244.2728851017965,53.502764496385815
city,205.4207302368387,48.610051792738055
state,153.01669418178435,24.352562288907347
make,141.5814703632089,26.56034525898741
color,52.55287658460702,13.079807194291682
model,45.26115716315426,9.757438586132581
transmission,26.330506992648953,10.428103545261848
