feature,importance,std
mileage_num,521.7926526866939,53.05831745520813
vehicle_age,432.9470863496743,34.74223856942158
year_num,396.9667666525535,24.664168086515037
zip_code,312.670976175094,54.19017398843136
city,232.31360785827428,35.73742373943231
make,105.40336583669895,17.208940761638132
state,73.65814673077584,18.881623950145915
color,61.8227537892566,14.122662532048306
model,40.66220562188018,11.527612164346447
transmission,-4.809032885800752,4.246882017613623
