feature,importance,std
year_num,238.40704263792313,24.478219991385554
mileage_num,206.2131548107438,24.713439645984376
vehicle_age,196.0191646785682,21.03872981509007
zip_code,179.92287729937044,27.229724707890426
city,147.6860532225558,14.730161979859654
make,72.99981690188015,16.87644438261819
state,35.67452846311735,11.110410843964628
color,31.53300631222628,12.377544148673653
model,15.295535063762873,3.370422385531485
transmission,3.073456914707458,5.813501754448882
