feature,importance,std
mileage_num,296.17720686929795,30.053820135815513
year_num,138.6479850136274,46.385812419064585
vehicle_age,110.3628287673072,34.580594161994654
make,62.02021936066676,19.047668854273404
model,19.92840948114317,9.643540428857431
state,0.0,0.0
color,-1.8189894035458566e-13,3.6379788070917137e-13
city,-1.8189894035458566e-13,3.6379788070917137e-13
zip_code,-2.7284841053187846e-13,4.1678283150357305e-13
transmission,-5.726086688383475,3.493052451493958
