feature,importance,std
mileage_num,602.9598953045111,93.08731500918842
year_num,493.8238857076177,77.46488331854108
state,476.8104080021402,51.62831686713357
vehicle_age,363.7967684128762,66.13356948469071
zip_code,233.83094457064072,30.29809597203803
city,199.08561569000804,20.0304163960286
make,147.00512217794667,35.05133558204366
color,73.46704257550346,13.506975497187847
model,60.17618178367466,17.54471949615124
transmission,16.228496609976446,36.2286438321331
