feature,importance,std
vehicle_age,407.3334296155085,38.461260313186884
mileage_num,396.61928380168166,43.585557160657956
year_num,386.0819357295617,33.86227517409888
zip_code,338.6471732344856,39.35919345307919
state,258.57079304388316,59.02867739017715
city,215.71311608020923,23.84822137039701
make,145.2551489716907,30.798667760209664
model,75.25074257671213,13.231038110755447
color,63.93084054297178,12.440221834808458
transmission,43.48553037364627,25.981413857613024
