feature,importance,std
mileage_num,375.9567116269335,234.23354242452265
vehicle_age,226.10960799148688,144.7930544001038
year_num,197.50148601774436,133.20203695533036
zip_code,193.7153170619773,93.70643554719861
transmission,182.03937843402144,88.97328551276397
make,163.2405949908645,48.86028078068547
city,143.25438950641492,50.630329406327064
color,131.56252611658346,44.902933085948334
model,117.71978123462486,51.390247613417074
state,35.19680577014333,112.05561339145251
