feature,importance,std
mileage_num,296.8958483043587,50.56479994904816
vehicle_age,253.0855306193608,42.100648898958006
year_num,218.4449422951255,38.846757657042566
zip_code,172.733416074094,22.175773006980894
city,91.53291625641359,34.84009004333355
make,65.99356576832807,18.714102981225864
state,33.75052988402977,15.14006199102025
color,27.154377905149705,11.009913518668512
model,19.305359903272254,5.502275715246481
transmission,-3.9042749286842082,8.046223467287561
