feature,importance,std
vehicle_age,239.14456071261256,46.717381815773024
year_num,232.8264239122089,49.468322413013446
mileage_num,225.39409915310634,47.775810676516784
zip_code,197.17553119549348,39.159021728782726
city,130.86219712220844,30.61802762469349
make,67.40208733494201,17.738963862657094
state,50.96146021994382,19.395325757303567
color,40.93222105919294,7.544032542430878
model,14.768918419178863,4.411419982898574
transmission,3.3772031362863344,5.93143123707482
