feature,importance,std
mileage_num,520.8671303349524,78.0673649072069
vehicle_age,445.015029096153,61.37078843373402
year_num,395.8229506018138,48.717149449063555
zip_code,303.1712522340173,36.170976056693824
city,234.62811062376105,21.856000230573997
make,102.90201469845024,22.413506424636726
state,86.41660959709588,8.338578610745179
color,61.39389962203586,15.464392575207118
model,43.57339518552626,10.354698324465755
transmission,-2.068102300415558,4.371453440072754
