feature,importance,std
year_num,361.11680117805525,33.59443614941178
vehicle_age,267.5232995447465,24.364843885263372
zip_code,265.31334397161953,27.526134038795025
mileage_num,261.20096687608856,36.28622201352394
city,176.08405753780616,22.291878142480165
make,86.28591933704156,19.500357616788346
state,62.65136661310498,13.796833065922264
color,57.71872728411081,10.749240494362839
model,24.96746759180014,9.375106853829182
transmission,2.7881643631724726,4.018258845019236
