feature,importance,std
year_num,213.27349641723922,27.023846767775666
mileage_num,195.61327305690338,24.47384405380432
zip_code,186.83002768835468,35.26667396790878
vehicle_age,175.91171866235263,24.833298384916684
city,132.6845824630248,23.438062872771592
make,79.32655950234857,17.635034078332282
state,33.867966092042025,14.499623907558398
color,28.97915823063131,5.783373544187409
model,27.17553383275208,5.5772184741360125
transmission,5.084972082705917,7.043363568663126
