feature,importance,std
vehicle_age,579.1879481972549,92.41019312727727
year_num,575.6820546535871,82.56326666460924
state,501.0093701828614,65.52043091232544
mileage_num,464.4046256935104,100.6399844600443
zip_code,292.80423502528356,43.86697927942786
city,216.80102676474561,35.78982707912348
make,194.34036822152893,26.80496844758572
model,66.77211439971707,14.618721839104035
color,53.191708539012055,12.20784272312482
transmission,49.18838383664679,34.076167330782404
