feature,importance,std
year_num,299.2520342742083,21.544477182659254
mileage_num,260.29884403942214,28.478904204635537
vehicle_age,210.23182466436302,15.5306992486808
zip_code,153.74183004995885,21.140583570934723
city,91.01435359169227,29.148507832555644
make,79.40316589307467,22.725206124373695
state,34.31863277448283,6.371499336971556
color,18.599384762507178,8.51443327741513
model,13.879323983669838,8.443816447101133
transmission,-2.7504078742614184,3.082088834235131
