feature,importance,std
mileage_num,602.9598953045108,93.08731500918847
year_num,493.8238857076179,77.46488331854124
state,476.8104080021403,51.628316867133485
vehicle_age,363.7967684128763,66.13356948469037
zip_code,233.83094457064053,30.29809597203826
city,199.08561569000813,20.0304163960286
make,147.00512217794667,35.0513355820435
color,73.46704257550327,13.506975497187643
model,60.17618178367466,17.54471949615145
transmission,16.228496609976354,36.22864383213295
