feature,importance,std
mileage_num,494.74760525666517,53.0015640088453
year_num,371.7112125502584,39.48435390151115
vehicle_age,348.116175691659,40.1087376261199
zip_code,246.23157927485244,31.128518761812316
city,215.09588419776946,29.68013548631719
state,109.10043550714163,23.168751222953123
make,107.58004356574456,32.36411277880121
model,57.860179369154956,11.965881324792555
color,54.99838749363035,15.595059349151867
transmission,20.47259971809035,8.199501031640784
