feature,importance,std
mileage_num,289.1331384959668,44.64276978446298
vehicle_age,280.6720632206855,52.23481635891369
year_num,262.1427096554394,54.069181158920074
zip_code,215.512248436763,28.76979945822628
city,122.74152978783623,23.873921228627108
make,68.08793206303316,12.658096579203418
color,42.136808763447064,14.55442477278363
state,28.02117821100328,16.737952065507123
model,14.369280697289105,5.6814027141303995
transmission,8.406308481709129,6.2081614023151745
