feature,importance,std
vehicle_age,579.1879481972547,92.4101931272775
year_num,575.6820546535869,82.56326666460923
state,501.0093701828614,65.52043091232544
mileage_num,464.40462569351087,100.63998446004456
zip_code,292.80423502528373,43.866979279428
city,216.8010267647459,35.78982707912371
make,194.3403682215291,26.80496844758577
model,66.77211439971725,14.618721839104085
color,53.19170853901187,12.207842723125006
transmission,49.18838383664697,34.076167330782404
