feature,importance,std
mileage_num,662.8788454367266,82.07183764382017
year_num,647.8919400336983,100.02914296249111
vehicle_age,550.3172546537029,93.35145756551462
zip_code,193.75939642358463,61.7911843101836
state,177.70720961438673,53.1853321475587
city,169.57854485579938,43.50655637354278
make,136.33195853315374,30.282200784836935
color,83.23781520469265,24.908762431837552
transmission,63.22701734136335,17.466744381155777
model,49.212303414172766,11.13588991790826
