feature,importance,std
vehicle_age,579.1879481972545,92.41019312727722
year_num,575.6820546535869,82.56326666460923
state,501.0093701828617,65.5204309123253
mileage_num,464.40462569351064,100.63998446004449
zip_code,292.80423502528356,43.86697927942786
city,216.8010267647458,35.789827079123256
make,194.34036822152885,26.80496844758556
model,66.77211439971707,14.618721839104005
color,53.19170853901187,12.207842723124779
transmission,49.18838383664688,34.07616733078239
