feature,importance,std
mileage_num,312.7909282398902,40.29524221174201
year_num,296.3613584397202,27.380714305696014
vehicle_age,266.0885261457465,20.146703893086887
zip_code,236.53219574170907,12.782582486119413
city,231.91480737370586,30.22815687253938
make,108.95597108283827,23.17531865374188
state,57.896755330424,18.779401576453694
model,47.586440095503534,14.642674825235622
color,33.70452328486308,13.32235113455594
transmission,-0.2742519268527758,2.374368071088701
