feature,importance,std
vehicle_age,579.1879481972545,92.41019312727722
year_num,575.6820546535869,82.56326666460923
state,501.0093701828614,65.52043091232544
mileage_num,464.40462569351104,100.63998446004472
zip_code,292.80423502528373,43.8669792794279
city,216.8010267647458,35.78982707912368
make,194.34036822152893,26.80496844758572
model,66.77211439971725,14.618721839103884
color,53.19170853901187,12.207842723124847
transmission,49.18838383664688,34.07616733078235
