feature,importance,std
mileage_num,444.6138306509767,45.47246172097617
vehicle_age,441.9372529241451,37.09185561939926
year_num,364.4439796566392,32.52605528792648
zip_code,295.89381101726775,46.10484154099956
city,166.51270617739902,34.086452031150685
make,98.89509029672509,26.033899653278496
state,78.08895320226684,27.39683958364627
color,48.05135238595394,11.659184957006303
model,45.20066345828891,9.327631787186863
transmission,28.990560411540354,9.763461213339887
