feature,importance,std
mileage_num,1923.8326696312556,2938.7029443380666
make,297.2792831371238,454.1016058393605
transmission,262.20147321591685,400.5193661136255
color,82.78088045747936,126.44988359716288
model,0.0,0.0
zip_code,0.0,0.0
vehicle_age,-18.396343692683512,28.10087916071521
year_num,-24.247110237932066,37.038072683086675
city,-56.90122845778442,86.91806218125748
state,-2025.2891799672002,3093.6803237915788
