feature,importance,std
mileage_num,498.63854518953724,49.51120443073494
vehicle_age,434.1654120559695,44.15934974434962
year_num,402.389370926331,49.56734701623385
zip_code,269.8348981308562,43.99648650544706
city,180.6494716297694,41.595086025799084
make,82.40780139840217,17.936535039717576
state,75.56810819948814,28.22311515578558
model,37.17239243197828,10.753188800271815
color,32.8202180388801,18.65617347194523
transmission,24.154720328110308,6.89726386537243
