feature,importance,std
vehicle_age,579.1879481972545,92.41019312727722
year_num,575.6820546535869,82.56326666460923
state,501.0093701828616,65.52043091232542
mileage_num,464.4046256935106,100.63998446004439
zip_code,292.80423502528356,43.86697927942784
city,216.8010267647458,35.78982707912331
make,194.34036822152885,26.804968447585722
model,66.77211439971707,14.618721839104005
color,53.19170853901196,12.20784272312479
transmission,49.18838383664679,34.076167330782205
