feature,importance,std
vehicle_age,579.1879481972547,92.4101931272775
year_num,575.6820546535871,82.56326666460924
state,501.0093701828616,65.52043091232542
mileage_num,464.40462569351064,100.6399844600444
zip_code,292.8042350252833,43.866979279427674
city,216.80102676474561,35.789827079123626
make,194.34036822152902,26.80496844758554
model,66.77211439971725,14.618721839103891
color,53.19170853901187,12.207842723124847
transmission,49.18838383664688,34.07616733078222
