feature,importance,std
vehicle_age,579.1879481972547,92.4101931272775
year_num,575.6820546535866,82.5632666646092
state,501.0093701828617,65.5204309123253
mileage_num,464.40462569351075,100.63998446004466
zip_code,292.80423502528345,43.86697927942778
city,216.8010267647457,35.78982707912334
make,194.34036822152885,26.804968447585797
model,66.77211439971715,14.618721839103983
color,53.19170853901196,12.20784272312482
transmission,49.18838383664679,34.076167330782226
