feature,importance,std
vehicle_age,579.1879481972547,92.4101931272775
year_num,575.6820546535866,82.5632666646092
state,501.0093701828614,65.52043091232544
mileage_num,464.40462569351087,100.63998446004456
zip_code,292.80423502528373,43.8669792794279
city,216.80102676474598,35.78982707912341
make,194.34036822152902,26.804968447585733
model,66.77211439971734,14.618721839104023
color,53.19170853901187,12.20784272312494
transmission,49.18838383664688,34.07616733078229
