feature,importance,std
vehicle_age,579.1879481972545,92.41019312727722
year_num,575.6820546535866,82.56326666460933
state,501.0093701828614,65.52043091232544
mileage_num,464.40462569351087,100.63998446004456
zip_code,292.8042350252837,43.86697927942808
city,216.8010267647457,35.78982707912331
make,194.34036822152893,26.80496844758572
model,66.77211439971715,14.618721839103953
color,53.19170853901187,12.207842723124937
transmission,49.188383836647155,34.07616733078246
