feature,importance,std
vehicle_age,579.1879481972547,92.4101931272775
year_num,575.6820546535869,82.56326666460923
state,501.0093701828614,65.52043091232544
mileage_num,464.40462569351087,100.63998446004456
zip_code,292.80423502528345,43.86697927942803
city,216.80102676474598,35.78982707912348
make,194.34036822152893,26.80496844758572
model,66.77211439971707,14.61872183910427
color,53.191708539012055,12.207842723124987
transmission,49.188383836647155,34.076167330782226
