feature,importance,std
mileage_num,192.9566984082847,20.108257646951866
year_num,181.1071490256083,27.568410632982122
vehicle_age,117.58747038388137,20.83854502673444
make,55.723109882582136,9.046299398667374
transmission,8.117762333065183,3.6165162843145415
model,1.8479213731694473,0.8031522640132442
color,1.8189894035458566e-13,5.45696821063757e-13
state,0.0,0.0
city,0.0,0.0
zip_code,0.0,0.0
