feature,importance,std
vehicle_age,514.324899977317,33.61663249733403
year_num,455.94080395097427,30.436622231059953
mileage_num,428.9432267472795,55.45787243485646
zip_code,263.4195341598646,47.79708168976481
city,161.6252035787561,27.90237398681152
make,106.37688296437491,19.580851583885526
state,70.89005961748353,24.54394520004112
model,54.09277994434433,14.220314245922784
color,42.87937299320301,14.327902464599932
transmission,0.12481833060146527,8.565073243188328
