feature,importance,std
vehicle_age,579.1879481972545,92.41019312727722
year_num,575.6820546535871,82.56326666460924
state,501.0093701828615,65.52043091232531
mileage_num,464.4046256935109,100.63998446004453
zip_code,292.80423502528345,43.86697927942801
city,216.80102676474598,35.789827079123434
make,194.34036822152893,26.80496844758572
model,66.77211439971715,14.618721839103985
color,53.19170853901187,12.207842723124967
transmission,49.18838383664697,34.07616733078251
