feature,importance,std
vehicle_age,579.1879481972547,92.4101931272775
year_num,575.6820546535869,82.56326666460923
state,501.0093701828614,65.52043091232544
mileage_num,464.40462569351087,100.63998446004456
zip_code,292.80423502528356,43.86697927942784
city,216.80102676474544,35.7898270791233
make,194.34036822152902,26.804968447585733
model,66.77211439971707,14.61872183910396
color,53.19170853901178,12.207842723124875
transmission,49.18838383664697,34.076167330782326
