feature,importance,std
mileage_num,602.959895304511,93.08731500918856
year_num,493.82388570761776,77.46488331854117
state,476.81040800214043,51.62831686713346
vehicle_age,363.7967684128762,66.13356948469041
zip_code,233.8309445706408,30.29809597203802
city,199.08561569000804,20.030416396028684
make,147.00512217794676,35.05133558204364
color,73.46704257550327,13.506975497187643
model,60.17618178367438,17.544719496151497
transmission,16.22849660997654,36.228643832132946
