feature,importance,std
vehicle_age,579.1879481972547,92.410193127277
year_num,575.6820546535869,82.56326666460923
state,501.0093701828613,65.52043091232558
mileage_num,464.40462569351075,100.63998446004466
zip_code,292.8042350252834,43.86697927942774
city,216.8010267647458,35.78982707912321
make,194.34036822152885,26.80496844758556
model,66.77211439971725,14.6187218391039
color,53.19170853901196,12.207842723124866
transmission,49.18838383664679,34.07616733078235
