feature,importance,std
year_num,257.1527397007923,33.476283687708154
mileage_num,239.9763016137086,32.4242750489639
vehicle_age,208.96888804107385,28.3546975723924
zip_code,194.422018577213,32.76530387511602
city,133.3904372772172,29.877821761789153
make,71.08749091148248,19.358967089588717
state,38.23069487010844,15.94748281327819
color,30.50344100862885,6.394713752506839
model,9.794851921226655,1.5611276683987485
transmission,4.533482492944676,7.858918592177395
