feature,importance,std
vehicle_age,435.93917787683165,43.552532142321674
mileage_num,428.66279020068384,64.71872668518326
year_num,408.0586260907521,38.4182953101821
zip_code,288.31785758710873,73.30833681389456
city,136.97938587828338,35.55633636979587
state,105.52677570694513,29.595079932705904
make,86.03618852461541,18.217331379147524
color,44.61447207105575,11.519553954027781
model,33.89115155396121,7.968133095704696
transmission,12.136771575631519,9.137673230324854
