feature,importance,std
mileage_num,735.9727657301733,98.89427952582716
vehicle_age,447.3097310867179,70.92287815037234
year_num,418.3079144686291,74.6276206364035
zip_code,258.75399433799976,39.83778658567902
city,204.82331807225245,28.04572476601265
make,125.7289167302657,31.84621158369911
state,112.45832936710386,40.398126919168085
color,54.68735633695369,11.718273495075556
transmission,46.48856740918045,28.864493483776474
model,44.45728533563852,7.992795423003003
