feature,importance,std
mileage_num,336.97637627504474,41.361499248633486
year_num,334.2437168841996,41.74392698623043
vehicle_age,312.03100560334286,41.15939912350735
zip_code,272.6894745139866,33.599099358827644
city,217.4973904749889,27.43102215812107
make,81.25302859273206,16.28844134321291
color,43.771653082075225,11.67523053251211
state,38.47584197739407,13.889415019091636
model,25.478673179911674,7.703399999393242
transmission,-7.12298549120751,22.59551647391223
