feature,importance,std
mileage_num,602.9598953045127,93.08731500918846
year_num,493.82388570761975,77.46488331854133
state,476.81040800214197,51.6283168671337
vehicle_age,363.7967684128779,66.13356948469044
zip_code,233.83094457064263,30.29809597203802
city,199.08561569000977,20.03041639602875
make,147.0051221779485,35.05133558204366
color,73.46704257550519,13.506975497187769
model,60.1761817836762,17.544719496151306
transmission,16.228496609978627,36.22864383213298
