feature,importance,std
mileage_num,300.10196002319583,43.15972641439648
zip_code,298.4605872977369,30.611593976797135
year_num,293.9391013242369,36.328589767861324
vehicle_age,288.4749023192542,37.85222575721141
city,192.87540364710875,32.989221030100786
make,115.54815320357265,13.555274174097095
color,66.95737209042473,9.069070623509766
model,58.41435542267718,9.75614445030381
state,40.249013393232055,21.101838367627277
transmission,-5.353506566626038,20.548329059806075
