feature,importance,std
vehicle_age,579.1879481972547,92.4101931272775
year_num,575.6820546535869,82.56326666460923
state,501.0093701828616,65.52043091232544
mileage_num,464.40462569351064,100.6399844600444
zip_code,292.80423502528356,43.86697927942801
city,216.8010267647458,35.78982707912346
make,194.34036822152902,26.804968447585733
model,66.77211439971734,14.618721839103832
color,53.19170853901214,12.2078427231248
transmission,49.18838383664697,34.076167330782404
