feature,importance,std
mileage_num,490.31898831206854,107.50392340850318
vehicle_age,489.8620907741823,47.28076455152732
year_num,386.75323838506745,42.40932652766336
zip_code,222.74194484491235,39.20901439659682
city,134.7651124199464,37.94167035849411
make,115.8298691473633,28.507279809400554
state,81.4036181090003,22.766688353271494
color,42.61112507734897,11.535351127074092
model,29.079160793180563,8.35925486041203
transmission,12.969741318942306,13.036131945274986
