feature,importance,std
vehicle_age,579.1879481972549,92.41019312727727
year_num,575.6820546535869,82.56326666460923
state,501.0093701828616,65.52043091232542
mileage_num,464.4046256935106,100.6399844600445
zip_code,292.80423502528345,43.86697927942778
city,216.8010267647458,35.789827079123334
make,194.34036822152893,26.80496844758572
model,66.77211439971715,14.618721839103983
color,53.19170853901196,12.207842723124816
transmission,49.18838383664688,34.07616733078234
