feature,importance,std
mileage_num,389.8950458218982,62.98009779277884
vehicle_age,354.7888673937846,33.669047797822884
year_num,331.2989656438197,34.205705432286415
zip_code,307.22349709469864,37.56769540424059
city,207.17613305322848,23.18358789217545
state,119.26910594028895,53.248898926661106
make,114.58234134505528,25.42482579559646
model,69.32136153818946,17.081707395791373
color,66.86970449501014,10.908576812639806
transmission,57.84634342235895,13.812075209811988
