feature,importance,std
vehicle_age,579.1879481972547,92.4101931272775
year_num,575.6820546535869,82.56326666460923
state,501.00937018286174,65.52043091232542
mileage_num,464.40462569351064,100.63998446004469
zip_code,292.80423502528345,43.86697927942803
city,216.8010267647459,35.78982707912358
make,194.34036822152902,26.804968447585757
model,66.77211439971725,14.618721839103891
color,53.19170853901178,12.207842723124994
transmission,49.1883838366467,34.07616733078233
