feature,importance,std
vehicle_age,481.68265305646656,82.78500081023627
year_num,427.69015508707105,76.32155570394269
mileage_num,344.98015472687547,91.73778383168712
zip_code,262.46048390303486,63.68659100893508
city,194.3981325777192,53.7562276015297
make,120.65885777962868,45.79517912233274
model,42.49640592768301,24.455386411485662
color,38.96403848071604,16.617013746310274
transmission,33.981422082983315,25.33458547828798
state,4.397215993996815,26.447816074097027
