feature,importance,std
vehicle_age,579.1879481972545,92.41019312727722
year_num,575.6820546535866,82.56326666460927
state,501.0093701828615,65.52043091232531
mileage_num,464.40462569351104,100.63998446004472
zip_code,292.80423502528345,43.86697927942803
city,216.80102676474598,35.78982707912341
make,194.34036822152885,26.804968447585654
model,66.77211439971734,14.61872183910389
color,53.19170853901196,12.207842723124937
transmission,49.1883838366467,34.076167330782155
