feature,importance,std
mileage_num,495.0237705157889,61.41201649410729
year_num,474.3372792593176,22.728243677782313
vehicle_age,417.2783276448225,27.264789478576642
zip_code,244.2728851017967,53.50276449638575
city,205.42073023683878,48.61005179273812
state,153.01669418178435,24.352562288907453
make,141.58147036320878,26.56034525898737
color,52.55287658460702,13.079807194291833
model,45.26115716315426,9.757438586132212
transmission,26.330506992648953,10.428103545261724
