feature,importance,std
year_num,432.54720392619384,155.81458200180393
mileage_num,410.7066362849233,220.62750985225674
zip_code,395.76622761342696,82.33851121889298
vehicle_age,338.38284944756424,157.44183519436848
city,237.08773768168666,78.69884406577921
state,77.70271438071968,19.494011312144057
model,73.23954088515447,29.466779540723817
make,73.0904600385581,28.16055193639752
color,56.72950744897389,27.392868246016985
transmission,51.50531152140884,44.505693918325186
