feature,importance,std
vehicle_age,579.1879481972547,92.4101931272775
year_num,575.6820546535869,82.56326666460923
state,501.0093701828614,65.52043091232544
mileage_num,464.40462569351075,100.63998446004466
zip_code,292.80423502528345,43.8669792794278
city,216.8010267647457,35.78982707912373
make,194.34036822152893,26.80496844758572
model,66.77211439971725,14.618721839103891
color,53.19170853901196,12.207842723124866
transmission,49.18838383664679,34.076167330782276
