feature,importance,std
mileage_num,602.9598953045108,93.08731500918846
year_num,493.8238857076177,77.46488331854108
state,476.81040800214015,51.6283168671337
vehicle_age,363.7967684128763,66.13356948469006
zip_code,233.8309445706406,30.298095972038038
city,199.08561569000813,20.0304163960286
make,147.00512217794667,35.05133558204366
color,73.46704257550346,13.506975497187847
model,60.17618178367466,17.54471949615138
transmission,16.228496609976265,36.228643832133066
