feature,importance,std
mileage_num,349.9901783925696,79.78405255702407
year_num,118.1794802905537,39.34711648753589
vehicle_age,116.57828263522815,40.175477235617585
make,58.424792560833794,11.813637689480451
model,28.528026047915954,7.0103541477778615
color,9.094947017729283e-14,2.728484105318785e-13
state,0.0,0.0
city,0.0,0.0
zip_code,0.0,0.0
transmission,-10.624484091776958,13.130793377478534
