feature,importance,std
mileage_num,602.959895304511,93.08731500918884
year_num,493.8238857076177,77.46488331854107
state,476.81040800214015,51.6283168671337
vehicle_age,363.7967684128765,66.13356948469048
zip_code,233.83094457064072,30.298095972038027
city,199.08561569000804,20.0304163960286
make,147.00512217794676,35.051335582043514
color,73.46704257550364,13.506975497188103
model,60.17618178367466,17.544719496151185
transmission,16.228496609976446,36.22864383213288
