feature,importance,std
year_num,217.08263809619848,33.66886393509486
mileage_num,213.04945027846134,22.138509234090563
zip_code,209.73156923588485,25.81809020195801
vehicle_age,183.1603374159031,24.519157260276952
city,135.71234238370198,23.237037558726513
make,55.08548011601679,10.492433055944407
state,36.392535013649464,17.55067892945835
color,30.773408288336487,11.982117026872183
model,21.484269350520027,4.7658707172188155
transmission,5.209502273304315,4.344416977538008
