feature,importance,std
mileage_num,602.959895304511,93.08731500918857
year_num,493.8238857076179,77.46488331854104
state,476.8104080021402,51.62831686713357
vehicle_age,363.7967684128763,66.13356948469055
zip_code,233.83094457064072,30.29809597203803
city,199.08561569000804,20.030416396028663
make,147.00512217794676,35.051335582043514
color,73.46704257550327,13.50697549718781
model,60.17618178367475,17.544719496151433
transmission,16.228496609976446,36.228643832133066
