feature,importance,std
mileage_num,305.6716049311569,19.819216932204643
year_num,283.4160386595813,31.08016396710672
vehicle_age,273.6134921318967,27.092207335577964
zip_code,155.39595462592897,27.39953264044353
city,128.7471114079246,29.253678214706508
make,54.796149956675436,13.674484828571993
state,53.75524259119602,18.218828106057334
color,26.364261662048648,7.502077909494709
model,25.641920701671825,8.900971790553633
transmission,2.3546497919047398,6.289936945959344
