feature,importance,std
mileage_num,404.37204294151144,109.25900644734473
year_num,293.3265908270763,56.35694997671501
vehicle_age,266.367646557267,48.3100584518282
zip_code,264.08971861067437,37.740392137270995
city,208.49129154409485,22.213420700200793
make,154.1057073801714,19.121005464440586
color,68.21909041799191,23.312997966519553
model,67.54083470348478,14.499514617155643
transmission,25.46710685758535,17.925519738546907
state,18.423980885609673,78.21857676133253
