feature,importance,std
mileage_num,602.9598953045108,93.0873150091886
year_num,493.8238857076179,77.46488331854124
state,476.81040800214015,51.6283168671337
vehicle_age,363.7967684128763,66.13356948469024
zip_code,233.8309445706406,30.298095972038116
city,199.0856156900083,20.03041639602865
make,147.00512217794667,35.05133558204366
color,73.46704257550337,13.506975497187888
model,60.176181783674565,17.544719496151288
transmission,16.22849660997681,36.22864383213303
