feature,importance,std
vehicle_age,579.1879481972547,92.41019312727754
year_num,575.6820546535872,82.563266664609
state,501.0093701828616,65.52043091232542
mileage_num,464.4046256935106,100.6399844600445
zip_code,292.80423502528356,43.86697927942794
city,216.8010267647457,35.789827079123555
make,194.34036822152902,26.804968447585757
model,66.77211439971697,14.618721839104136
color,53.19170853901196,12.207842723124976
transmission,49.1883838366467,34.076167330782155
