feature,importance,std
vehicle_age,579.1879481972545,92.41019312727722
year_num,575.6820546535869,82.56326666460923
state,501.00937018286174,65.52043091232542
mileage_num,464.40462569351064,100.63998446004447
zip_code,292.8042350252837,43.866979279427945
city,216.8010267647457,35.78982707912337
make,194.34036822152902,26.804968447585733
model,66.77211439971725,14.618721839103891
color,53.19170853901196,12.207842723125038
transmission,49.18838383664661,34.076167330782134
