feature,importance,std
year_num,605.9295014622455,78.83856641275113
mileage_num,541.2956126779961,67.54605857791185
vehicle_age,444.4027106001921,58.445966046767424
zip_code,267.5528893288027,64.23412509717181
city,192.64707839253524,39.508663094571084
make,105.0086621956455,34.842159306518724
state,84.38794556512175,35.31950590517729
color,62.43973894421815,17.84522933130777
model,42.53401139666776,10.543120134253302
transmission,7.801239436680225,5.76368497446609
